Fecha,Hora,Fecha valor,Producto,ISIN,Descripción,Tipo,Variación,,Saldo,,ID Orden
18-03-2026,08:01,18-03-2026,,,Degiro Cash Sweep Transfer,,EUR,"-1,24",EUR,"125,28",
18-03-2026,08:01,18-03-2026,,,"Transferir a su Cuenta de Efectivo en flatexDEGIRO Bank: 1,24 EUR",,,,EUR,"126,52",
18-03-2026,06:48,17-03-2026,,,Ingreso Cambio de Divisa,,EUR,"1,24",EUR,"125,28",
18-03-2026,06:48,17-03-2026,,,Retirada Cambio de Divisa,"1,1570",USD,"-1,43",USD,"0,00",
17-03-2026,07:42,16-03-2026,ALPHABET INC CLASS C,US02079K1079,Retención del dividendo,,USD,"-0,25",USD,"1,43",
17-03-2026,07:42,16-03-2026,ALPHABET INC CLASS C,US02079K1079,Dividendo,,USD,"1,68",USD,"1,68",
16-03-2026,04:10,16-03-2026,,,Degiro Cash Sweep Transfer,,EUR,"-2,70",EUR,"124,04",
16-03-2026,04:10,16-03-2026,,,"Transferir a su Cuenta de Efectivo en flatexDEGIRO Bank: 2,7 EUR",,,,EUR,"126,74",
14-03-2026,06:52,13-03-2026,,,Ingreso Cambio de Divisa,,EUR,"2,70",EUR,"124,04",
14-03-2026,06:52,13-03-2026,,,Retirada Cambio de Divisa,"1,1445",USD,"-3,09",USD,"0,00",
13-03-2026,07:22,12-03-2026,MICROSOFT CORP,US5949181045,Dividendo,,USD,"3,64",USD,"3,09",
13-03-2026,07:21,12-03-2026,MICROSOFT CORP,US5949181045,Retención del dividendo,,USD,"-0,55",USD,"-0,55",
12-03-2026,08:14,12-03-2026,,,Degiro Cash Sweep Transfer,,EUR,"-3,78",EUR,"121,34",
12-03-2026,08:14,12-03-2026,,,"Transferir a su Cuenta de Efectivo en flatexDEGIRO Bank: 3,78 EUR",,,,EUR,"125,12",
12-03-2026,06:34,11-03-2026,,,Ingreso Cambio de Divisa,,EUR,"3,78",EUR,"121,34",
12-03-2026,06:34,11-03-2026,,,Retirada Cambio de Divisa,"1,1596",USD,"-4,38",USD,"0,00",
11-03-2026,07:17,10-03-2026,EXXON MOBIL CORP,US30231G1022,Dividendo,,USD,"5,15",USD,"4,38",
11-03-2026,07:17,10-03-2026,EXXON MOBIL CORP,US30231G1022,Retención del dividendo,,USD,"-0,77",USD,"-0,77",
02-03-2026,14:24,02-03-2026,,,Degiro Cash Sweep Transfer,,EUR,"-4,34",EUR,"117,56",
02-03-2026,14:24,02-03-2026,,,"Transferir a su Cuenta de Efectivo en flatexDEGIRO Bank: 4,34 EUR",,,,EUR,"121,90",
02-03-2026,07:18,27-02-2026,ISHARES CORE EURO STOXX 50 UCITS ETF,IE0008471009,Dividendo,,EUR,"4,34",EUR,"117,56",
23-02-2026,19:26,23-02-2026,,,Degiro Cash Sweep Transfer,,EUR,"12,50",EUR,"113,22",
23-02-2026,19:26,23-02-2026,,,"Transferir desde su Cuenta de Efectivo en flatexDEGIRO Bank: 12,5 EUR",,,,EUR,"100,72",
23-02-2026,10:43,31-01-2026,,,Comisión de conectividad con el mercado 2026 (New York Stock Exchange - NSY),,EUR,"-2,50",EUR,"113,22",
23-02-2026,10:43,31-01-2026,,,Comisión de conectividad con el mercado 2026 (Nasdaq - NDQ),,EUR,"-2,50",EUR,"115,72",
23-02-2026,10:43,31-01-2026,,,Comisión de conectividad con el mercado 2026 (Euronext Amsterdam - EAM),,EUR,"-2,50",EUR,"118,22",
23-02-2026,10:43,31-01-2026,,,Comisión de conectividad con el mercado 2026 (Tradegate AG - TDG),,EUR,"-2,50",EUR,"120,72",
23-02-2026,10:43,31-01-2026,,,Comisión de conectividad con el mercado 2026 (Xetra - XET),,EUR,"-2,50",EUR,"123,22",
17-02-2026,07:36,17-02-2026,,,Degiro Cash Sweep Transfer,,EUR,"-1,86",EUR,"125,72",
17-02-2026,07:36,17-02-2026,,,"Transferir a su Cuenta de Efectivo en flatexDEGIRO Bank: 1,86 EUR",,,,EUR,"127,58",
17-02-2026,06:37,16-02-2026,,,Ingreso Cambio de Divisa,,EUR,"1,86",EUR,"125,72",
17-02-2026,06:37,16-02-2026,,,Retirada Cambio de Divisa,"1,1881",USD,"-2,21",USD,"0,00",
16-02-2026,07:12,13-02-2026,COSTCO WHOLESALE CORP,US22160K1051,Dividendo,,USD,"2,60",USD,"2,21",
16-02-2026,07:12,13-02-2026,COSTCO WHOLESALE CORP,US22160K1051,Retención del dividendo,,USD,"-0,39",USD,"-0,39",
13-01-2026,08:02,13-01-2026,,,Degiro Cash Sweep Transfer,,EUR,"-9,08",EUR,"123,86",
13-01-2026,08:02,13-01-2026,,,"Transferir a su Cuenta de Efectivo en flatexDEGIRO Bank: 9,08 EUR",,,,EUR,"132,94",
13-01-2026,06:35,12-01-2026,,,Ingreso Cambio de Divisa,,EUR,"9,08",EUR,"123,86",
13-01-2026,06:35,12-01-2026,,,Retirada Cambio de Divisa,"1,1696",USD,"-10,62",USD,"0,00",
12-01-2026,07:20,08-01-2026,SALESFORCE INC,US79466L3024,Dividendo,,USD,"0,83",USD,"10,62",
12-01-2026,07:20,08-01-2026,SALESFORCE INC,US79466L3024,Retención del dividendo,,USD,"-0,12",USD,"9,79",
12-01-2026,07:06,09-01-2026,ALTRIA GROUP INC,US02209S1033,Dividendo,,USD,"11,66",USD,"9,91",
12-01-2026,07:06,09-01-2026,ALTRIA GROUP INC,US02209S1033,Retención del dividendo,,USD,"-1,75",USD,"-1,75",
12-01-2026,03:52,12-01-2026,,,Degiro Cash Sweep Transfer,,EUR,"-4,92",EUR,"114,78",
12-01-2026,03:52,12-01-2026,,,"Transferir a su Cuenta de Efectivo en flatexDEGIRO Bank: 4,92 EUR",,,,EUR,"119,70",
10-01-2026,06:38,09-01-2026,,,Ingreso Cambio de Divisa,,EUR,"4,92",EUR,"114,78",
10-01-2026,06:38,09-01-2026,,,Retirada Cambio de Divisa,"1,1666",USD,"-5,74",USD,"0,00",
09-01-2026,06:57,08-01-2026,VICI PROPERTIES INC,US9256521090,Dividendo,,USD,"6,75",USD,"5,74",
09-01-2026,06:57,08-01-2026,VICI PROPERTIES INC,US9256521090,Retención del dividendo,,USD,"-1,01",USD,"-1,01",
08-01-2026,18:41,08-01-2026,,,Degiro Cash Sweep Transfer,,EUR,"1872,61",EUR,"109,86",
08-01-2026,18:41,08-01-2026,,,"Transferir desde su Cuenta de Efectivo en flatexDEGIRO Bank: 1.872,61 EUR",,,,EUR,"-1762,75",
08-01-2026,18:03,08-01-2026,,,Degiro Cash Sweep Transfer,,EUR,"-350,92",EUR,"109,86",
08-01-2026,18:03,08-01-2026,,,"Transferir a su Cuenta de Efectivo en flatexDEGIRO Bank: 350,92 EUR",,,,EUR,"460,78",
08-01-2026,17:59,08-01-2026,MERCADOLIBRE INC,US58733R1023,Ingreso Cambio de Divisa,"1,1627",USD,"2174,93",USD,"0,00",08d5184f-c049-4bc9-9db0-60ca8dc6d9f3
08-01-2026,17:59,08-01-2026,MERCADOLIBRE INC,US58733R1023,Retirada Cambio de Divisa,,EUR,"-1870,61",EUR,"109,86",08d5184f-c049-4bc9-9db0-60ca8dc6d9f3
08-01-2026,17:59,08-01-2026,MERCADOLIBRE INC,US58733R1023,Costes de transacción y/o externos de DEGIRO,,EUR,"-2,00",EUR,"1980,47",08d5184f-c049-4bc9-9db0-60ca8dc6d9f3
08-01-2026,17:59,08-01-2026,MERCADOLIBRE INC,US58733R1023,"Compra 1 MercadoLibre Inc@2.174,93 USD (US58733R1023)",,USD,"-2174,93",USD,"-2174,93",08d5184f-c049-4bc9-9db0-60ca8dc6d9f3
08-01-2026,15:30,08-01-2026,VICI PROPERTIES INC,US9256521090,Retirada Cambio de Divisa,"1,1688",USD,"-412,50",USD,"0,00",f9d7bd0a-a010-442e-8075-6446acfe51c7
08-01-2026,15:30,08-01-2026,VICI PROPERTIES INC,US9256521090,Ingreso Cambio de Divisa,,EUR,"352,92",EUR,"1982,47",f9d7bd0a-a010-442e-8075-6446acfe51c7
08-01-2026,15:30,08-01-2026,VICI PROPERTIES INC,US9256521090,Costes de transacción y/o externos de DEGIRO,,EUR,"-2,00",EUR,"1629,55",f9d7bd0a-a010-442e-8075-6446acfe51c7
08-01-2026,15:30,08-01-2026,VICI PROPERTIES INC,US9256521090,"Venta 15 VICI Properties Inc@27,5 USD (US9256521090)",,USD,"412,50",USD,"412,50",f9d7bd0a-a010-442e-8075-6446acfe51c7
08-01-2026,14:00,02-01-2026,,,Flatex Interest Income,,EUR,"0,00",EUR,"1631,55",
07-01-2026,08:40,07-01-2026,,,flatex Deposit,,EUR,"400,00",EUR,"1631,55",
05-01-2026,19:21,05-01-2026,,,Degiro Cash Sweep Transfer,,EUR,"-627,14",EUR,"1231,55",
05-01-2026,19:21,05-01-2026,,,"Transferir a su Cuenta de Efectivo en flatexDEGIRO Bank: 627,14 EUR",,,,EUR,"1858,69",
05-01-2026,19:04,05-01-2026,,,Degiro Cash Sweep Transfer,,EUR,"-431,23",EUR,"1231,55",
05-01-2026,19:04,05-01-2026,,,"Transferir a su Cuenta de Efectivo en flatexDEGIRO Bank: 431,23 EUR",,,,EUR,"1662,78",
05-01-2026,16:56,05-01-2026,UBER TECHNOLOGIES INC,US90353T1007,Retirada Cambio de Divisa,"1,1730",USD,"-738,00",USD,"0,00",e8a42c22-aa71-4a51-84de-a729290f9bb7
05-01-2026,16:56,05-01-2026,UBER TECHNOLOGIES INC,US90353T1007,Ingreso Cambio de Divisa,,EUR,"629,14",EUR,"1231,55",e8a42c22-aa71-4a51-84de-a729290f9bb7
05-01-2026,16:56,05-01-2026,UBER TECHNOLOGIES INC,US90353T1007,Costes de transacción y/o externos de DEGIRO,,EUR,"-2,00",EUR,"602,41",e8a42c22-aa71-4a51-84de-a729290f9bb7
05-01-2026,16:56,05-01-2026,UBER TECHNOLOGIES INC,US90353T1007,Venta 9 Uber Technologies Inc@82 USD (US90353T1007),,USD,"738,00",USD,"738,00",e8a42c22-aa71-4a51-84de-a729290f9bb7
05-01-2026,15:30,05-01-2026,SALESFORCE INC,US79466L3024,Retirada Cambio de Divisa,"1,1708",USD,"-507,24",USD,"0,00",d1d0df81-b740-48c5-b666-bb7db27d03c2
05-01-2026,15:30,05-01-2026,SALESFORCE INC,US79466L3024,Ingreso Cambio de Divisa,,EUR,"433,23",EUR,"604,41",d1d0df81-b740-48c5-b666-bb7db27d03c2
05-01-2026,15:30,05-01-2026,SALESFORCE INC,US79466L3024,Costes de transacción y/o externos de DEGIRO,,EUR,"-2,00",EUR,"171,18",d1d0df81-b740-48c5-b666-bb7db27d03c2
05-01-2026,15:30,05-01-2026,SALESFORCE INC,US79466L3024,"Venta 2 Salesforce Inc@253,62 USD (US79466L3024)",,USD,"507,24",USD,"507,24",d1d0df81-b740-48c5-b666-bb7db27d03c2
05-01-2026,05:02,05-01-2026,,,Degiro Cash Sweep Transfer,,EUR,"-9,56",EUR,"173,18",
05-01-2026,05:02,05-01-2026,,,"Transferir a su Cuenta de Efectivo en flatexDEGIRO Bank: 9,56 EUR",,,,EUR,"182,74",
03-01-2026,07:53,02-01-2026,,,Ingreso Cambio de Divisa,,EUR,"9,56",EUR,"173,18",
03-01-2026,07:53,02-01-2026,,,Retirada Cambio de Divisa,"1,1749",USD,"-11,23",USD,"0,00",
02-01-2026,08:11,31-12-2025,VANGUARD S&P 500 UCITS ETF USD DIS,IE00B3XXRP09,Dividendo,,USD,"3,59",USD,"11,23",
02-01-2026,07:47,31-12-2025,VANGUARD FTSE ALL-WORLD UCITS ETF,IE00B3RBWM25,Dividendo,,USD,"7,64",USD,"7,64",
30-12-2025,10:34,30-12-2025,,,Degiro Cash Sweep Transfer,,EUR,"-40,99",EUR,"163,62",
30-12-2025,10:34,30-12-2025,,,"Transferir a su Cuenta de Efectivo en flatexDEGIRO Bank: 40,99 EUR",,,,EUR,"204,61",
30-12-2025,08:01,30-12-2025,,,Degiro Cash Sweep Transfer,,EUR,"-0,05",EUR,"163,62",
30-12-2025,08:01,30-12-2025,,,"Transferir a su Cuenta de Efectivo en flatexDEGIRO Bank: 0,05 EUR",,,,EUR,"163,67",
30-12-2025,07:20,29-12-2025,BANCO DE SABADELL SA,ES0113860A34,Retención del dividendo,,EUR,"-9,62",EUR,"163,62",
30-12-2025,07:20,29-12-2025,BANCO DE SABADELL SA,ES0113860A34,Dividendo,,EUR,"50,61",EUR,"173,24",
30-12-2025,06:42,29-12-2025,,,Ingreso Cambio de Divisa,,EUR,"0,05",EUR,"122,63",
30-12-2025,06:42,29-12-2025,,,Retirada Cambio de Divisa,"1,1802",USD,"-0,06",USD,"0,00",
29-12-2025,08:41,26-12-2025,NVIDIA CORP,US67066G1040,Retención del dividendo,,USD,"-0,01",USD,"0,06",
29-12-2025,08:39,26-12-2025,NVIDIA CORP,US67066G1040,Dividendo,,USD,"0,07",USD,"0,07",
19-12-2025,08:32,19-12-2025,,,Degiro Cash Sweep Transfer,,EUR,"-55,03",EUR,"122,58",
19-12-2025,08:32,19-12-2025,,,"Transferir a su Cuenta de Efectivo en flatexDEGIRO Bank: 55,03 EUR",,,,EUR,"177,61",
19-12-2025,06:51,18-12-2025,TELEFONICA SA,ES0178430E18,Dividendo,,EUR,"61,50",EUR,"122,58",
19-12-2025,06:51,18-12-2025,TELEFONICA SA,ES0178430E18,Retención del dividendo,,EUR,"-11,69",EUR,"61,08",
19-12-2025,06:48,18-12-2025,SHELL PLC,GB00BP6MXD84,Dividendo,,EUR,"5,22",EUR,"72,77",
17-12-2025,09:00,17-12-2025,,,Degiro Cash Sweep Transfer,,EUR,"-14,47",EUR,"67,55",
17-12-2025,09:00,17-12-2025,,,"Transferir a su Cuenta de Efectivo en flatexDEGIRO Bank: 14,47 EUR",,,,EUR,"82,02",
17-12-2025,06:49,16-12-2025,,,Ingreso Cambio de Divisa,,EUR,"14,47",EUR,"67,55",
17-12-2025,06:49,16-12-2025,,,Retirada Cambio de Divisa,"1,1776",USD,"-17,04",USD,"0,00",
16-12-2025,07:58,15-12-2025,ALPHABET INC CLASS C,US02079K1079,Retención del dividendo,,USD,"-0,25",USD,"17,04",
16-12-2025,07:58,15-12-2025,ALPHABET INC CLASS C,US02079K1079,Dividendo,,USD,"1,68",USD,"17,29",
16-12-2025,07:09,15-12-2025,COCA-COLA CO,US1912161007,Dividendo,,USD,"18,36",USD,"15,61",
16-12-2025,07:08,15-12-2025,COCA-COLA CO,US1912161007,Retención del dividendo,,USD,"-2,75",USD,"-2,75",
15-12-2025,04:14,15-12-2025,,,Degiro Cash Sweep Transfer,,EUR,"-2,63",EUR,"53,08",
15-12-2025,04:14,15-12-2025,,,"Transferir a su Cuenta de Efectivo en flatexDEGIRO Bank: 2,63 EUR",,,,EUR,"55,71",
13-12-2025,07:01,12-12-2025,,,Ingreso Cambio de Divisa,,EUR,"2,63",EUR,"53,08",
13-12-2025,07:01,12-12-2025,,,Retirada Cambio de Divisa,"1,1769",USD,"-3,09",USD,"0,00",
12-12-2025,14:15,12-12-2025,,,Degiro Cash Sweep Transfer,,EUR,"-3,72",EUR,"50,45",
12-12-2025,14:15,12-12-2025,,,"Transferir a su Cuenta de Efectivo en flatexDEGIRO Bank: 3,72 EUR",,,,EUR,"54,17",
12-12-2025,08:02,11-12-2025,MICROSOFT CORP,US5949181045,Dividendo,,USD,"3,64",USD,"3,09",
12-12-2025,08:02,11-12-2025,MICROSOFT CORP,US5949181045,Retención del dividendo,,USD,"-0,55",USD,"-0,55",
12-12-2025,06:42,11-12-2025,,,Ingreso Cambio de Divisa,,EUR,"3,72",EUR,"50,45",
12-12-2025,06:42,11-12-2025,,,Retirada Cambio de Divisa,"1,1768",USD,"-4,38",USD,"0,00",
11-12-2025,07:38,10-12-2025,EXXON MOBIL CORP,US30231G1022,Dividendo,,USD,"5,15",USD,"4,38",
11-12-2025,07:38,10-12-2025,EXXON MOBIL CORP,US30231G1022,Retención del dividendo,,USD,"-0,77",USD,"-0,77",
05-12-2025,08:13,05-12-2025,,,"Transferir a su Cuenta de Efectivo en flatexDEGIRO Bank: 2,42 EUR",,,,EUR,"46,73",
05-12-2025,08:13,05-12-2025,,,Degiro Cash Sweep Transfer,,EUR,"-2,42",EUR,"44,31",
05-12-2025,06:50,04-12-2025,,,Ingreso Cambio de Divisa,,EUR,"2,42",EUR,"46,73",
05-12-2025,06:50,04-12-2025,,,Retirada Cambio de Divisa,"1,1673",USD,"-2,82",USD,"0,00",
04-12-2025,08:50,04-12-2025,,,"Transferir desde su Cuenta de Efectivo en flatexDEGIRO Bank: 2,42 EUR",,,,EUR,"44,31",
04-12-2025,08:50,04-12-2025,,,Degiro Cash Sweep Transfer,,EUR,"2,42",EUR,"46,73",
04-12-2025,08:15,11-09-2025,MICROSOFT CORP,US5949181045,Dividendo,,USD,"3,32",USD,"2,82",
04-12-2025,08:15,11-09-2025,MICROSOFT CORP,US5949181045,Retención del dividendo,,USD,"-0,50",USD,"-0,50",
04-12-2025,06:46,03-12-2025,,,Retirada Cambio de Divisa,,EUR,"-2,42",EUR,"44,31",
04-12-2025,06:46,03-12-2025,,,Ingreso Cambio de Divisa,"1,1642",USD,"2,82",USD,"0,00",
03-12-2025,18:08,11-09-2025,MICROSOFT CORP,US5949181045,Retención del dividendo,,USD,"0,50",USD,"-2,82",
03-12-2025,18:06,11-09-2025,MICROSOFT CORP,US5949181045,Dividendo,,USD,"-3,32",USD,"-3,32",
03-12-2025,07:53,03-12-2025,,,"Transferir a su Cuenta de Efectivo en flatexDEGIRO Bank: 2,45 EUR",,,,EUR,"46,73",
03-12-2025,07:53,03-12-2025,,,Degiro Cash Sweep Transfer,,EUR,"-2,45",EUR,"44,28",
03-12-2025,06:49,02-12-2025,,,Ingreso Cambio de Divisa,,EUR,"2,45",EUR,"46,73",
03-12-2025,06:49,02-12-2025,,,Retirada Cambio de Divisa,"1,1654",USD,"-2,85",USD,"0,00",
02-12-2025,08:00,01-12-2025,VISA INC CLASS A,US92826C8394,Retención del dividendo,,USD,"-0,50",USD,"2,85",
02-12-2025,08:00,01-12-2025,VISA INC CLASS A,US92826C8394,Dividendo,,USD,"3,35",USD,"3,35",
27-11-2025,08:50,27-11-2025,,,"Transferir a su Cuenta de Efectivo en flatexDEGIRO Bank: 3,48 EUR",,,,EUR,"44,28",
27-11-2025,08:50,27-11-2025,,,Degiro Cash Sweep Transfer,,EUR,"-3,48",EUR,"40,80",
27-11-2025,07:20,26-11-2025,ISHARES CORE EURO STOXX 50 UCITS ETF,IE0008471009,Dividendo,,EUR,"3,48",EUR,"44,28",
18-11-2025,11:21,18-11-2025,,,"Transferir desde su Cuenta de Efectivo en flatexDEGIRO Bank: 1.571,58 EUR",,,,EUR,"40,80",
18-11-2025,11:21,18-11-2025,,,Degiro Cash Sweep Transfer,,EUR,"1571,58",EUR,"1612,38",
18-11-2025,09:49,18-11-2025,NOVO NORDISK A/S CLASS B,DK0062498333,Costes de transacción y/o externos de DEGIRO,,EUR,"-3,90",EUR,"40,80",09dbacf8-de92-4453-b3e7-c6dbccf8bb86
18-11-2025,09:49,18-11-2025,NOVO NORDISK A/S CLASS B,DK0062498333,"Compra 18 Novo Nordisk A/S Class B@41,455 EUR (DK0062498333)",,EUR,"-746,19",EUR,"44,70",09dbacf8-de92-4453-b3e7-c6dbccf8bb86
18-11-2025,09:48,18-11-2025,TELEFONICA SA,ES0178430E18,Spanish Transaction Tax,,EUR,"-1,64",EUR,"790,89",c7fd71f0-4e5c-4cfe-bea0-ed883e3b5939
18-11-2025,09:48,18-11-2025,TELEFONICA SA,ES0178430E18,Costes de transacción y/o externos de DEGIRO,,EUR,"-2,00",EUR,"792,53",c7fd71f0-4e5c-4cfe-bea0-ed883e3b5939
18-11-2025,09:48,18-11-2025,TELEFONICA SA,ES0178430E18,"Compra 222 Telefonica SA@3,684 EUR (ES0178430E18)",,EUR,"-817,85",EUR,"794,53",c7fd71f0-4e5c-4cfe-bea0-ed883e3b5939
18-11-2025,07:43,18-11-2025,,,"Transferir a su Cuenta de Efectivo en flatexDEGIRO Bank: 1,9 EUR",,,,EUR,"1612,38",
18-11-2025,07:43,18-11-2025,,,Degiro Cash Sweep Transfer,,EUR,"-1,90",EUR,"1610,48",
18-11-2025,06:38,17-11-2025,,,Ingreso Cambio de Divisa,,EUR,"1,90",EUR,"1612,38",
18-11-2025,06:38,17-11-2025,,,Retirada Cambio de Divisa,"1,1620",USD,"-2,21",USD,"0,00",
17-11-2025,18:40,17-11-2025,,,"Transferir a su Cuenta de Efectivo en flatexDEGIRO Bank: 1.422,71 EUR",,,,EUR,"1610,48",
17-11-2025,18:40,17-11-2025,,,Degiro Cash Sweep Transfer,,EUR,"-1422,71",EUR,"187,77",
17-11-2025,15:30,17-11-2025,VISA INC CLASS A,US92826C8394,Retirada Cambio de Divisa,"1,1622",USD,"-1655,80",USD,"2,21",6891be2f-9e29-40d0-8139-b6d8df239ed7
17-11-2025,15:30,17-11-2025,VISA INC CLASS A,US92826C8394,Ingreso Cambio de Divisa,,EUR,"1424,71",EUR,"1610,48",6891be2f-9e29-40d0-8139-b6d8df239ed7
17-11-2025,15:30,17-11-2025,VISA INC CLASS A,US92826C8394,Costes de transacción y/o externos de DEGIRO,,EUR,"-2,00",EUR,"185,77",6891be2f-9e29-40d0-8139-b6d8df239ed7
17-11-2025,15:30,17-11-2025,VISA INC CLASS A,US92826C8394,"Venta 5 Visa Inc Class A@331,16 USD (US92826C8394)",,USD,"1655,80",USD,"1658,01",6891be2f-9e29-40d0-8139-b6d8df239ed7
17-11-2025,08:26,14-11-2025,COSTCO WHOLESALE CORP,US22160K1051,Dividendo,,USD,"2,60",USD,"2,21",
17-11-2025,08:26,14-11-2025,COSTCO WHOLESALE CORP,US22160K1051,Retención del dividendo,,USD,"-0,39",USD,"-0,39",
11-11-2025,08:32,11-11-2025,,,"Transferir a su Cuenta de Efectivo en flatexDEGIRO Bank: 61,02 EUR",,,,EUR,"187,77",
11-11-2025,08:32,11-11-2025,,,Degiro Cash Sweep Transfer,,EUR,"-61,02",EUR,"126,75",
11-11-2025,07:05,07-11-2025,BANCO BILBAO VIZCAYA ARGENTARIA SA,ES0113211835,Retención del dividendo,,EUR,"-7,30",EUR,"187,77",
11-11-2025,07:05,07-11-2025,BANCO BILBAO VIZCAYA ARGENTARIA SA,ES0113211835,Dividendo,,EUR,"38,40",EUR,"195,07",
11-11-2025,07:03,07-11-2025,CAIXABANK SA,ES0140609019,Retención del dividendo,,EUR,"-7,02",EUR,"156,67",
11-11-2025,07:03,07-11-2025,CAIXABANK SA,ES0140609019,Dividendo,,EUR,"36,94",EUR,"163,69",
06-11-2025,07:40,06-11-2025,,,"Transferir a su Cuenta de Efectivo en flatexDEGIRO Bank: 23,1 EUR",,,,EUR,"126,75",
06-11-2025,07:40,06-11-2025,,,Degiro Cash Sweep Transfer,,EUR,"-23,10",EUR,"103,65",
06-11-2025,06:47,03-11-2025,BANCO SANTANDER SA,ES0113900J37,Dividendo,,EUR,"28,52",EUR,"126,75",
06-11-2025,06:47,03-11-2025,BANCO SANTANDER SA,ES0113900J37,Retención del dividendo,,EUR,"-5,42",EUR,"98,23",
14-10-2025,07:34,14-10-2025,,,Degiro Cash Sweep Transfer,,EUR,"-8,54",EUR,"103,65",
14-10-2025,07:34,14-10-2025,,,"Transferir a su Cuenta de Efectivo en flatexDEGIRO Bank: 8,54 EUR",,,,EUR,"112,19",
14-10-2025,06:33,13-10-2025,,,Ingreso Cambio de Divisa,,EUR,"8,54",EUR,"103,65",
14-10-2025,06:33,13-10-2025,,,Retirada Cambio de Divisa,"1,1599",USD,"-9,91",USD,"0,00",
13-10-2025,07:19,10-10-2025,ALTRIA GROUP INC,US02209S1033,Dividendo,,USD,"11,66",USD,"9,91",
13-10-2025,07:19,10-10-2025,ALTRIA GROUP INC,US02209S1033,Retención del dividendo,,USD,"-1,75",USD,"-1,75",
13-10-2025,04:22,13-10-2025,,,Degiro Cash Sweep Transfer,,EUR,"-5,54",EUR,"95,11",
13-10-2025,04:22,13-10-2025,,,"Transferir a su Cuenta de Efectivo en flatexDEGIRO Bank: 5,54 EUR",,,,EUR,"100,65",
11-10-2025,06:32,10-10-2025,,,Ingreso Cambio de Divisa,,EUR,"5,54",EUR,"95,11",
11-10-2025,06:32,10-10-2025,,,Retirada Cambio de Divisa,"1,1649",USD,"-6,45",USD,"0,00",
10-10-2025,07:25,09-10-2025,SALESFORCE INC,US79466L3024,Dividendo,,USD,"0,83",USD,"6,45",
10-10-2025,07:25,09-10-2025,SALESFORCE INC,US79466L3024,Retención del dividendo,,USD,"-0,12",USD,"5,62",
10-10-2025,06:59,09-10-2025,VICI PROPERTIES INC,US9256521090,Dividendo,,USD,"6,75",USD,"5,74",
10-10-2025,06:59,09-10-2025,VICI PROPERTIES INC,US9256521090,Retención del dividendo,,USD,"-1,01",USD,"-1,01",
06-10-2025,06:00,06-10-2025,,,Degiro Cash Sweep Transfer,,EUR,"-4,45",EUR,"89,57",
06-10-2025,06:00,06-10-2025,,,"Transferir a su Cuenta de Efectivo en flatexDEGIRO Bank: 4,45 EUR",,,,EUR,"94,02",
05-10-2025,05:21,30-09-2025,,,Flatex Interest Income,,EUR,"0,00",EUR,"89,57",
04-10-2025,06:39,03-10-2025,,,Ingreso Cambio de Divisa,,EUR,"4,45",EUR,"89,57",
04-10-2025,06:39,03-10-2025,,,Retirada Cambio de Divisa,"1,1772",USD,"-5,24",USD,"0,00",
03-10-2025,14:12,03-10-2025,,,Degiro Cash Sweep Transfer,,EUR,"-15,56",EUR,"85,12",
03-10-2025,14:12,03-10-2025,,,"Transferir a su Cuenta de Efectivo en flatexDEGIRO Bank: 15,56 EUR",,,,EUR,"100,68",
03-10-2025,09:28,30-05-2025,STARBUCKS CORP,US8552441094,Dividendo,,USD,"6,10",USD,"5,24",
03-10-2025,09:28,30-05-2025,STARBUCKS CORP,US8552441094,Retención del dividendo,,USD,"-0,92",USD,"-0,86",
03-10-2025,07:43,02-10-2025,NVIDIA CORP,US67066G1040,Retención del dividendo,,USD,"-0,01",USD,"0,06",
03-10-2025,07:43,02-10-2025,,,Ingreso Cambio de Divisa,,EUR,"15,56",EUR,"85,12",
03-10-2025,07:43,02-10-2025,,,Retirada Cambio de Divisa,"1,1744",USD,"-18,27",USD,"0,07",
03-10-2025,07:42,02-10-2025,NVIDIA CORP,US67066G1040,Dividendo,,USD,"0,07",USD,"18,34",
02-10-2025,22:01,30-05-2025,STARBUCKS CORP,US8552441094,Retención del dividendo,,USD,"0,92",USD,"18,27",
02-10-2025,22:01,30-05-2025,STARBUCKS CORP,US8552441094,Dividendo,,USD,"-6,10",USD,"17,35",
02-10-2025,08:35,01-10-2025,COCA-COLA CO,US1912161007,Dividendo,,USD,"18,36",USD,"23,45",
02-10-2025,08:35,01-10-2025,COCA-COLA CO,US1912161007,Retención del dividendo,,USD,"-2,75",USD,"5,09",
02-10-2025,07:43,01-10-2025,VANGUARD S&P 500 UCITS ETF USD DIS,IE00B3XXRP09,Dividendo,,USD,"3,61",USD,"7,84",
02-10-2025,07:34,01-10-2025,VANGUARD FTSE ALL-WORLD UCITS ETF,IE00B3RBWM25,Dividendo,,USD,"4,23",USD,"4,23",
23-09-2025,09:01,23-09-2025,,,Degiro Cash Sweep Transfer,,EUR,"-5,22",EUR,"69,56",
23-09-2025,09:01,23-09-2025,,,"Transferir a su Cuenta de Efectivo en flatexDEGIRO Bank: 5,22 EUR",,,,EUR,"74,78",
23-09-2025,07:55,22-09-2025,SHELL PLC,GB00BP6MXD84,Dividendo,,EUR,"5,22",EUR,"69,56",
18-09-2025,11:30,18-09-2025,,,"Transferir desde su Cuenta de Efectivo en flatexDEGIRO Bank: 544,2 EUR",,,,EUR,"64,34",
18-09-2025,11:30,18-09-2025,,,Degiro Cash Sweep Transfer,,EUR,"544,20",EUR,"608,54",
18-09-2025,10:52,18-09-2025,VANGUARD FTSE ALL-WORLD UCITS ETF,IE00B3RBWM25,Costes de transacción y/o externos de DEGIRO,,EUR,"-1,00",EUR,"64,34",850050fb-af30-47d8-af86-0cd01bb7732c
18-09-2025,10:52,18-09-2025,VANGUARD FTSE ALL-WORLD UCITS ETF,IE00B3RBWM25,"Compra 4 Vanguard FTSE All-World UCITS ETF USD Dis@135,8 EUR (IE00B3RBWM25)",,EUR,"-543,20",EUR,"65,34",850050fb-af30-47d8-af86-0cd01bb7732c
18-09-2025,10:31,18-09-2025,,,"Transferir desde su Cuenta de Efectivo en flatexDEGIRO Bank: 604,8 EUR",,,,EUR,"608,54",
18-09-2025,10:31,18-09-2025,,,Degiro Cash Sweep Transfer,,EUR,"604,80",EUR,"1213,34",
18-09-2025,09:00,18-09-2025,BANCO DE SABADELL SA,ES0113860A34,Spanish Transaction Tax,,EUR,"-1,20",EUR,"608,54",0e5dba3f-7c3d-47e6-ad8e-ff618e26a5fe
18-09-2025,09:00,18-09-2025,BANCO DE SABADELL SA,ES0113860A34,Costes de transacción y/o externos de DEGIRO,,EUR,"-2,00",EUR,"609,74",0e5dba3f-7c3d-47e6-ad8e-ff618e26a5fe
18-09-2025,09:00,18-09-2025,BANCO DE SABADELL SA,ES0113860A34,"Compra 188 Banco de Sabadell SA@3,2 EUR (ES0113860A34)",,EUR,"-601,60",EUR,"611,74",0e5dba3f-7c3d-47e6-ad8e-ff618e26a5fe
17-09-2025,22:10,17-09-2025,,,"Transferir desde su Cuenta de Efectivo en flatexDEGIRO Bank: 596,4 EUR",,,,EUR,"1213,34",
17-09-2025,22:10,17-09-2025,,,Degiro Cash Sweep Transfer,,EUR,"596,40",EUR,"1809,74",
17-09-2025,20:02,17-09-2025,NOVO NORDISK A/S CLASS B,DK0062498333,Costes de transacción y/o externos de DEGIRO,,EUR,"-3,90",EUR,"1213,34",b0934607-f2e2-4490-9c48-5082e873b39c
17-09-2025,20:02,17-09-2025,NOVO NORDISK A/S CLASS B,DK0062498333,"Compra 12 Novo Nordisk A/S Class B@49,375 EUR (DK0062498333)",,EUR,"-592,50",EUR,"1217,24",b0934607-f2e2-4490-9c48-5082e873b39c
17-09-2025,11:51,17-09-2025,,,"Transferir a su Cuenta de Efectivo en flatexDEGIRO Bank: 1,2 EUR",,,,EUR,"1809,74",
17-09-2025,11:51,17-09-2025,,,Degiro Cash Sweep Transfer,,EUR,"-1,20",EUR,"1808,54",
17-09-2025,07:07,16-09-2025,,,Ingreso Cambio de Divisa,,EUR,"1,20",EUR,"1809,74",
17-09-2025,07:07,16-09-2025,,,Retirada Cambio de Divisa,"1,1896",USD,"-1,43",USD,"0,00",
16-09-2025,07:34,15-09-2025,ALPHABET INC CLASS C,US02079K1079,Dividendo,,USD,"1,68",USD,"1,43",
16-09-2025,07:34,15-09-2025,ALPHABET INC CLASS C,US02079K1079,Retención del dividendo,,USD,"-0,25",USD,"-0,25",
15-09-2025,09:00,15-09-2025,,,flatex Deposit,,EUR,"300,00",EUR,"1808,54",
15-09-2025,04:21,15-09-2025,,,"Transferir a su Cuenta de Efectivo en flatexDEGIRO Bank: 2,4 EUR",,,,EUR,"1508,54",
15-09-2025,04:21,15-09-2025,,,Degiro Cash Sweep Transfer,,EUR,"-2,40",EUR,"1506,14",
13-09-2025,06:38,12-09-2025,,,Ingreso Cambio de Divisa,,EUR,"2,40",EUR,"1508,54",
13-09-2025,06:38,12-09-2025,,,Retirada Cambio de Divisa,"1,1764",USD,"-2,82",USD,"0,00",
12-09-2025,19:40,12-09-2025,,,"Transferir a su Cuenta de Efectivo en flatexDEGIRO Bank: 1.446,15 EUR",,,,EUR,"1506,14",
12-09-2025,19:40,12-09-2025,,,Degiro Cash Sweep Transfer,,EUR,"-1446,15",EUR,"59,99",
12-09-2025,18:13,12-09-2025,VISA INC CLASS A,US92826C8394,Retirada Cambio de Divisa,"1,1743",USD,"-1700,60",USD,"2,82",98775ba6-f885-46b6-b4d2-41eb4a56d98f
12-09-2025,18:13,12-09-2025,VISA INC CLASS A,US92826C8394,Ingreso Cambio de Divisa,,EUR,"1448,15",EUR,"1506,14",98775ba6-f885-46b6-b4d2-41eb4a56d98f
12-09-2025,18:13,12-09-2025,VISA INC CLASS A,US92826C8394,Costes de transacción y/o externos de DEGIRO,,EUR,"-2,00",EUR,"57,99",98775ba6-f885-46b6-b4d2-41eb4a56d98f
12-09-2025,18:13,12-09-2025,VISA INC CLASS A,US92826C8394,"Venta 5 Visa Inc Class A@340,12 USD (US92826C8394)",,USD,"1700,60",USD,"1703,42",98775ba6-f885-46b6-b4d2-41eb4a56d98f
12-09-2025,08:23,11-09-2025,MICROSOFT CORP,US5949181045,Retención del dividendo,,USD,"1,00",USD,"2,82",
12-09-2025,08:23,11-09-2025,MICROSOFT CORP,US5949181045,Dividendo,,USD,"-6,64",USD,"1,82",
12-09-2025,08:22,11-09-2025,MICROSOFT CORP,US5949181045,Dividendo,,USD,"3,32",USD,"8,46",
12-09-2025,08:22,11-09-2025,MICROSOFT CORP,US5949181045,Retención del dividendo,,USD,"-0,50",USD,"5,14",
12-09-2025,07:43,12-09-2025,,,"Transferir a su Cuenta de Efectivo en flatexDEGIRO Bank: 3,58 EUR",,,,EUR,"59,99",
12-09-2025,07:43,12-09-2025,,,Degiro Cash Sweep Transfer,,EUR,"-3,58",EUR,"56,41",
12-09-2025,07:23,11-09-2025,MICROSOFT CORP,US5949181045,Dividendo,,USD,"3,32",USD,"5,64",
12-09-2025,07:23,11-09-2025,MICROSOFT CORP,US5949181045,Retención del dividendo,,USD,"-0,50",USD,"2,32",
12-09-2025,07:21,11-09-2025,MICROSOFT CORP,US5949181045,Retención del dividendo,,USD,"-0,50",USD,"2,82",
12-09-2025,07:21,11-09-2025,MICROSOFT CORP,US5949181045,Dividendo,,USD,"3,32",USD,"3,32",
12-09-2025,06:39,11-09-2025,,,Ingreso Cambio de Divisa,,EUR,"3,58",EUR,"59,99",
12-09-2025,06:39,11-09-2025,,,Retirada Cambio de Divisa,"1,1764",USD,"-4,21",USD,"0,00",
11-09-2025,07:44,10-09-2025,EXXON MOBIL CORP,US30231G1022,Retención del dividendo,,USD,"-0,74",USD,"4,21",
11-09-2025,07:44,10-09-2025,EXXON MOBIL CORP,US30231G1022,Dividendo,,USD,"4,95",USD,"4,95",
04-09-2025,08:02,04-09-2025,,,"Transferir a su Cuenta de Efectivo en flatexDEGIRO Bank: 4,29 EUR",,,,EUR,"56,41",
04-09-2025,08:02,04-09-2025,,,Degiro Cash Sweep Transfer,,EUR,"-4,29",EUR,"52,12",
04-09-2025,06:41,03-09-2025,,,Ingreso Cambio de Divisa,,EUR,"4,29",EUR,"56,41",
04-09-2025,06:41,03-09-2025,,,Retirada Cambio de Divisa,"1,1691",USD,"-5,01",USD,"0,00",
03-09-2025,07:39,02-09-2025,VISA INC CLASS A,US92826C8394,Dividendo,,USD,"5,90",USD,"5,01",
03-09-2025,07:39,02-09-2025,VISA INC CLASS A,US92826C8394,Retención del dividendo,,USD,"-0,89",USD,"-0,89",
02-09-2025,06:40,02-09-2025,,,"Transferir a su Cuenta de Efectivo en flatexDEGIRO Bank: 30,33 EUR",,,,EUR,"52,12",
02-09-2025,06:40,02-09-2025,,,Degiro Cash Sweep Transfer,,EUR,"-30,33",EUR,"21,79",
02-09-2025,05:46,29-08-2025,BANCO DE SABADELL SA,ES0113860A34,Retención del dividendo,,EUR,"-7,12",EUR,"52,12",
02-09-2025,05:46,29-08-2025,BANCO DE SABADELL SA,ES0113860A34,Dividendo,,EUR,"37,45",EUR,"59,24",
28-08-2025,08:50,28-08-2025,,,"Transferir a su Cuenta de Efectivo en flatexDEGIRO Bank: 19,55 EUR",,,,EUR,"21,79",
28-08-2025,08:50,28-08-2025,,,Degiro Cash Sweep Transfer,,EUR,"-19,55",EUR,"2,24",
28-08-2025,07:48,27-08-2025,ISHARES CORE EURO STOXX 50 UCITS ETF,IE0008471009,Dividendo,,EUR,"19,55",EUR,"21,79",
26-08-2025,17:20,26-08-2025,,,"Transferir desde su Cuenta de Efectivo en flatexDEGIRO Bank: 1.570,73 EUR",,,,EUR,"2,24",
26-08-2025,17:20,26-08-2025,,,Degiro Cash Sweep Transfer,,EUR,"1570,73",EUR,"1572,97",
26-08-2025,16:40,26-08-2025,,,"Transferir a su Cuenta de Efectivo en flatexDEGIRO Bank: 1.557,01 EUR",,,,EUR,"2,24",
26-08-2025,16:40,26-08-2025,,,Degiro Cash Sweep Transfer,,EUR,"-1557,01",EUR,"-1554,77",
26-08-2025,16:27,26-08-2025,TELEFONICA SA,ES0178430E18,Spanish Transaction Tax,,EUR,"-0,49",EUR,"2,24",a45e7443-4b15-405c-91ff-e5cd32df21db
26-08-2025,16:27,26-08-2025,TELEFONICA SA,ES0178430E18,Costes de transacción y/o externos de DEGIRO,,EUR,"-2,00",EUR,"2,73",a45e7443-4b15-405c-91ff-e5cd32df21db
26-08-2025,16:27,26-08-2025,TELEFONICA SA,ES0178430E18,"Compra 53 Telefonica SA@4,619 EUR (ES0178430E18)",,EUR,"-244,81",EUR,"4,73",a45e7443-4b15-405c-91ff-e5cd32df21db
26-08-2025,16:25,26-08-2025,NOVO NORDISK A/S CLASS B,DK0062498333,Costes de transacción y/o externos de DEGIRO,,EUR,"-3,90",EUR,"249,54",4e4b3319-4958-4590-b7ff-1c08415183b2
26-08-2025,16:25,26-08-2025,NOVO NORDISK A/S CLASS B,DK0062498333,"Compra 10 Novo Nordisk A/S Class B@47,095 EUR (DK0062498333)",,EUR,"-470,95",EUR,"253,44",4e4b3319-4958-4590-b7ff-1c08415183b2
26-08-2025,16:23,26-08-2025,CAIXABANK SA,ES0140609019,Spanish Transaction Tax,,EUR,"-0,43",EUR,"724,39",0e4c6605-9206-4d39-90c0-0bb3f69067d2
26-08-2025,16:23,26-08-2025,CAIXABANK SA,ES0140609019,Spanish Transaction Tax,,EUR,"-0,43",EUR,"724,82",0e4c6605-9206-4d39-90c0-0bb3f69067d2
26-08-2025,16:23,26-08-2025,CAIXABANK SA,ES0140609019,Costes de transacción y/o externos de DEGIRO,,EUR,"-2,00",EUR,"725,25",0e4c6605-9206-4d39-90c0-0bb3f69067d2
26-08-2025,16:23,26-08-2025,CAIXABANK SA,ES0140609019,"Compra 25 CaixaBank SA@8,66 EUR (ES0140609019)",,EUR,"-216,50",EUR,"727,25",0e4c6605-9206-4d39-90c0-0bb3f69067d2
26-08-2025,16:23,26-08-2025,CAIXABANK SA,ES0140609019,"Compra 25 CaixaBank SA@8,66 EUR (ES0140609019)",,EUR,"-216,50",EUR,"943,75",0e4c6605-9206-4d39-90c0-0bb3f69067d2
26-08-2025,16:22,26-08-2025,BANCO SANTANDER SA,ES0113900J37,Spanish Transaction Tax,,EUR,"-0,82",EUR,"1160,25",5b34342d-6748-4cb5-ba93-42e903708ea0
26-08-2025,16:22,26-08-2025,BANCO SANTANDER SA,ES0113900J37,Costes de transacción y/o externos de DEGIRO,,EUR,"-2,00",EUR,"1161,07",5b34342d-6748-4cb5-ba93-42e903708ea0
26-08-2025,16:22,26-08-2025,BANCO SANTANDER SA,ES0113900J37,"Compra 50 Banco Santander SA@8,198 EUR (ES0113900J37)",,EUR,"-409,90",EUR,"1163,07",5b34342d-6748-4cb5-ba93-42e903708ea0
26-08-2025,15:30,26-08-2025,AMAZON.COM INC,US0231351067,Retirada Cambio de Divisa,"1,1674",USD,"-1820,00",USD,"0,00",184ff98e-e96e-4134-8bb9-7b9990d3a7aa
26-08-2025,15:30,26-08-2025,AMAZON.COM INC,US0231351067,Ingreso Cambio de Divisa,,EUR,"1559,01",EUR,"1572,97",184ff98e-e96e-4134-8bb9-7b9990d3a7aa
26-08-2025,15:30,26-08-2025,AMAZON.COM INC,US0231351067,Costes de transacción y/o externos de DEGIRO,,EUR,"-2,00",EUR,"13,96",184ff98e-e96e-4134-8bb9-7b9990d3a7aa
26-08-2025,15:30,26-08-2025,AMAZON.COM INC,US0231351067,"Venta 8 Amazon.com Inc@227,5 USD (US0231351067)",,USD,"1820,00",USD,"1820,00",184ff98e-e96e-4134-8bb9-7b9990d3a7aa
22-08-2025,08:06,22-08-2025,,,"Transferir a su Cuenta de Efectivo en flatexDEGIRO Bank: 3,29 EUR",,,,EUR,"15,96",
22-08-2025,08:06,22-08-2025,,,Degiro Cash Sweep Transfer,,EUR,"-3,29",EUR,"12,67",
22-08-2025,06:39,21-08-2025,,,Ingreso Cambio de Divisa,,EUR,"3,29",EUR,"15,96",
22-08-2025,06:39,21-08-2025,,,Retirada Cambio de Divisa,"7,4869",DKK,"-24,64",DKK,"0,00",
21-08-2025,07:28,19-08-2025,NOVO NORDISK A/S CLASS B,DK0062498333,Dividendo,,DKK,"33,75",DKK,"24,64",
21-08-2025,07:28,19-08-2025,NOVO NORDISK A/S CLASS B,DK0062498333,Retención del dividendo,,DKK,"-9,11",DKK,"-9,11",
18-08-2025,07:34,18-08-2025,,,"Transferir a su Cuenta de Efectivo en flatexDEGIRO Bank: 1,88 EUR",,,,EUR,"12,67",
18-08-2025,07:34,18-08-2025,,,Degiro Cash Sweep Transfer,,EUR,"-1,88",EUR,"10,79",
18-08-2025,06:34,15-08-2025,,,Ingreso Cambio de Divisa,,EUR,"1,88",EUR,"12,67",
18-08-2025,06:34,15-08-2025,,,Retirada Cambio de Divisa,"1,1732",USD,"-2,21",USD,"0,00",
17-08-2025,23:06,15-08-2025,COSTCO WHOLESALE CORP,US22160K1051,Retención del dividendo,,USD,"-0,39",USD,"2,21",
17-08-2025,23:06,15-08-2025,COSTCO WHOLESALE CORP,US22160K1051,Dividendo,,USD,"2,60",USD,"2,60",
13-08-2025,12:20,13-08-2025,,,"Transferir desde su Cuenta de Efectivo en flatexDEGIRO Bank: 394,86 EUR",,,,EUR,"10,79",
13-08-2025,12:20,13-08-2025,,,Degiro Cash Sweep Transfer,,EUR,"394,86",EUR,"405,65",
13-08-2025,11:42,13-08-2025,NOVO NORDISK A/S CLASS B,DK0062498333,Costes de transacción y/o externos de DEGIRO,,EUR,"-3,90",EUR,"10,79",10c37914-0831-45da-b86a-19fb9d40c4e4
13-08-2025,11:42,13-08-2025,NOVO NORDISK A/S CLASS B,DK0062498333,"Compra 9 Novo Nordisk A/S Class B@43,44 EUR (DK0062498333)",,EUR,"-390,96",EUR,"14,69",10c37914-0831-45da-b86a-19fb9d40c4e4
13-08-2025,10:40,13-08-2025,,,flatex Deposit,,EUR,"400,00",EUR,"405,65",
05-08-2025,11:30,05-08-2025,,,"Transferir desde su Cuenta de Efectivo en flatexDEGIRO Bank: 1,46 EUR",,,,EUR,"5,65",
05-08-2025,11:30,05-08-2025,,,Degiro Cash Sweep Transfer,,EUR,"1,46",EUR,"7,11",
05-08-2025,10:35,05-08-2025,BANCO SANTANDER SA,ES0113900J37,Spanish Transaction Tax,,EUR,"-0,37",EUR,"5,65",75fd9a88-bc97-4ad0-a1fe-3b35e1deaeca
05-08-2025,10:35,05-08-2025,BANCO SANTANDER SA,ES0113900J37,Spanish Transaction Tax,,EUR,"-0,38",EUR,"6,02",75fd9a88-bc97-4ad0-a1fe-3b35e1deaeca
05-08-2025,10:35,05-08-2025,BANCO SANTANDER SA,ES0113900J37,Costes de transacción y/o externos de DEGIRO,,EUR,"-2,00",EUR,"6,40",75fd9a88-bc97-4ad0-a1fe-3b35e1deaeca
05-08-2025,10:35,05-08-2025,BANCO SANTANDER SA,ES0113900J37,"Compra 25 Banco Santander SA@7,39 EUR (ES0113900J37)",,EUR,"-184,75",EUR,"8,40",75fd9a88-bc97-4ad0-a1fe-3b35e1deaeca
05-08-2025,10:35,05-08-2025,BANCO SANTANDER SA,ES0113900J37,"Compra 26 Banco Santander SA@7,39 EUR (ES0113900J37)",,EUR,"-192,14",EUR,"193,15",75fd9a88-bc97-4ad0-a1fe-3b35e1deaeca
05-08-2025,10:34,05-08-2025,BANCO BILBAO VIZCAYA ARGENTARIA SA,ES0113211835,Spanish Transaction Tax,,EUR,"-0,41",EUR,"385,29",aa58ac26-b031-4422-9e47-b96dc787ba15
05-08-2025,10:34,05-08-2025,BANCO BILBAO VIZCAYA ARGENTARIA SA,ES0113211835,Spanish Transaction Tax,,EUR,"-0,41",EUR,"385,70",aa58ac26-b031-4422-9e47-b96dc787ba15
05-08-2025,10:34,05-08-2025,BANCO BILBAO VIZCAYA ARGENTARIA SA,ES0113211835,Costes de transacción y/o externos de DEGIRO,,EUR,"-2,00",EUR,"386,11",aa58ac26-b031-4422-9e47-b96dc787ba15
05-08-2025,10:34,05-08-2025,BANCO BILBAO VIZCAYA ARGENTARIA SA,ES0113211835,"Compra 14 Banco Bilbao Vizcaya Argentaria SA@14,63 EUR (ES0113211835)",,EUR,"-204,82",EUR,"388,11",aa58ac26-b031-4422-9e47-b96dc787ba15
05-08-2025,10:34,05-08-2025,BANCO BILBAO VIZCAYA ARGENTARIA SA,ES0113211835,"Compra 14 Banco Bilbao Vizcaya Argentaria SA@14,63 EUR (ES0113211835)",,EUR,"-204,82",EUR,"592,93",aa58ac26-b031-4422-9e47-b96dc787ba15
05-08-2025,10:26,05-08-2025,STST SPDR S&P U.S. DIV ARISTOCRATS,IE00B6YX5D40,Costes de transacción y/o externos de DEGIRO,,EUR,"-1,00",EUR,"797,75",1b6519a5-497d-4dec-9490-fa0e29d78cbb
05-08-2025,10:26,05-08-2025,STST SPDR S&P U.S. DIV ARISTOCRATS,IE00B6YX5D40,"Venta 12 StSt SPDR S&P U.S. Div Aristocrats UCITS ETF Dist@65,97 EUR (IE00B6YX5D40)",,EUR,"791,64",EUR,"798,75",1b6519a5-497d-4dec-9490-fa0e29d78cbb
25-07-2025,11:21,25-07-2025,,,"Transferir desde su Cuenta de Efectivo en flatexDEGIRO Bank: 479,27 EUR",,,,EUR,"7,11",
25-07-2025,11:21,25-07-2025,,,Degiro Cash Sweep Transfer,,EUR,"479,27",EUR,"486,38",
25-07-2025,10:30,25-07-2025,,,"Transferir desde su Cuenta de Efectivo en flatexDEGIRO Bank: 329,74 EUR",,,,EUR,"7,11",
25-07-2025,10:30,25-07-2025,,,Degiro Cash Sweep Transfer,,EUR,"329,74",EUR,"336,85",
25-07-2025,10:29,25-07-2025,BANCO DE SABADELL SA,ES0113860A34,Spanish Transaction Tax,,EUR,"-0,95",EUR,"7,11",33cd5de2-3919-4e3e-b2b5-446a197e0bd9
25-07-2025,10:29,25-07-2025,BANCO DE SABADELL SA,ES0113860A34,Costes de transacción y/o externos de DEGIRO,,EUR,"-2,00",EUR,"8,06",33cd5de2-3919-4e3e-b2b5-446a197e0bd9
25-07-2025,10:29,25-07-2025,BANCO DE SABADELL SA,ES0113860A34,"Compra 160 Banco de Sabadell SA@2,977 EUR (ES0113860A34)",,EUR,"-476,32",EUR,"10,06",33cd5de2-3919-4e3e-b2b5-446a197e0bd9
25-07-2025,09:04,25-07-2025,ISHARES CORE EURO STOXX 50 UCITS ETF,IE0008471009,Costes de transacción y/o externos de DEGIRO,,EUR,"-1,00",EUR,"486,38",193c2508-97ed-43e3-8bcd-b0bb997de5ab
25-07-2025,09:04,25-07-2025,ISHARES CORE EURO STOXX 50 UCITS ETF,IE0008471009,"Compra 6 iShares Core EURO STOXX 50 UCITS ETF EUR Dist@54,79 EUR (IE0008471009)",,EUR,"-328,74",EUR,"487,38",193c2508-97ed-43e3-8bcd-b0bb997de5ab
24-07-2025,21:21,24-07-2025,,,"Transferir a su Cuenta de Efectivo en flatexDEGIRO Bank: 793,22 EUR",,,,EUR,"816,12",
24-07-2025,21:21,24-07-2025,,,Degiro Cash Sweep Transfer,,EUR,"-793,22",EUR,"22,90",
24-07-2025,20:35,24-07-2025,STARBUCKS CORP,US8552441094,Retirada Cambio de Divisa,"1,1795",USD,"-938,00",USD,"0,00",148bdafc-cd05-48de-bde8-c6c963f8eaee
24-07-2025,20:35,24-07-2025,STARBUCKS CORP,US8552441094,Ingreso Cambio de Divisa,,EUR,"795,22",EUR,"816,12",148bdafc-cd05-48de-bde8-c6c963f8eaee
24-07-2025,20:35,24-07-2025,STARBUCKS CORP,US8552441094,Costes de transacción y/o externos de DEGIRO,,EUR,"-2,00",EUR,"20,90",148bdafc-cd05-48de-bde8-c6c963f8eaee
24-07-2025,20:35,24-07-2025,STARBUCKS CORP,US8552441094,"Venta 10 Starbucks Corp@93,8 USD (US8552441094)",,USD,"938,00",USD,"938,00",148bdafc-cd05-48de-bde8-c6c963f8eaee
16-07-2025,10:41,16-07-2025,,,"Transferir desde su Cuenta de Efectivo en flatexDEGIRO Bank: 520,85 EUR",,,,EUR,"22,90",
16-07-2025,10:41,16-07-2025,,,Degiro Cash Sweep Transfer,,EUR,"520,85",EUR,"543,75",
16-07-2025,09:00,16-07-2025,SHELL PLC,GB00BP6MXD84,Costes de transacción y/o externos de DEGIRO,,EUR,"-4,90",EUR,"22,90",db1f8a08-ac18-4d87-a328-8aa73ba086b6
16-07-2025,09:00,16-07-2025,SHELL PLC,GB00BP6MXD84,"Compra 17 Shell PLC@30,35 EUR (GB00BP6MXD84)",,EUR,"-515,95",EUR,"27,80",db1f8a08-ac18-4d87-a328-8aa73ba086b6
15-07-2025,20:20,15-07-2025,,,"Transferir a su Cuenta de Efectivo en flatexDEGIRO Bank: 515,79 EUR",,,,EUR,"543,75",
15-07-2025,20:20,15-07-2025,,,Degiro Cash Sweep Transfer,,EUR,"-515,79",EUR,"27,96",
15-07-2025,19:43,15-07-2025,CHEVRON CORP,US1667641005,Retirada Cambio de Divisa,"1,1624",USD,"-601,88",USD,"0,00",145d0949-4eec-452c-8cfe-7427a339cbc9
15-07-2025,19:43,15-07-2025,CHEVRON CORP,US1667641005,Ingreso Cambio de Divisa,,EUR,"517,79",EUR,"543,75",145d0949-4eec-452c-8cfe-7427a339cbc9
15-07-2025,19:43,15-07-2025,CHEVRON CORP,US1667641005,Costes de transacción y/o externos de DEGIRO,,EUR,"-2,00",EUR,"25,96",145d0949-4eec-452c-8cfe-7427a339cbc9
15-07-2025,19:43,15-07-2025,CHEVRON CORP,US1667641005,"Venta 4 Chevron Corp@150,47 USD (US1667641005)",,USD,"601,88",USD,"601,88",145d0949-4eec-452c-8cfe-7427a339cbc9
14-07-2025,04:13,14-07-2025,,,"Transferir a su Cuenta de Efectivo en flatexDEGIRO Bank: 12,85 EUR",,,,EUR,"27,96",
14-07-2025,04:13,14-07-2025,,,Degiro Cash Sweep Transfer,,EUR,"-12,85",EUR,"15,11",
12-07-2025,06:37,11-07-2025,,,Ingreso Cambio de Divisa,,EUR,"12,85",EUR,"27,96",
12-07-2025,06:37,11-07-2025,,,Retirada Cambio de Divisa,"1,1718",USD,"-15,06",USD,"0,00",
11-07-2025,07:50,10-07-2025,VICI PROPERTIES INC,US9256521090,Dividendo,,USD,"6,49",USD,"15,06",
11-07-2025,07:50,10-07-2025,VICI PROPERTIES INC,US9256521090,Retención del dividendo,,USD,"-0,97",USD,"8,57",
11-07-2025,07:06,10-07-2025,ALTRIA GROUP INC,US02209S1033,Retención del dividendo,,USD,"-1,68",USD,"9,54",
11-07-2025,07:06,10-07-2025,ALTRIA GROUP INC,US02209S1033,Dividendo,,USD,"11,22",USD,"11,22",
08-07-2025,17:30,08-07-2025,,,"Transferir desde su Cuenta de Efectivo en flatexDEGIRO Bank: 474,46 EUR",,,,EUR,"15,11",
08-07-2025,17:30,08-07-2025,,,Degiro Cash Sweep Transfer,,EUR,"474,46",EUR,"489,57",
08-07-2025,16:57,08-07-2025,SALESFORCE INC,US79466L3024,Ingreso Cambio de Divisa,"1,1663",USD,"551,02",USD,"0,00",4165164d-3909-4c64-9660-c17a1c6251ee
08-07-2025,16:57,08-07-2025,SALESFORCE INC,US79466L3024,Retirada Cambio de Divisa,,EUR,"-472,46",EUR,"15,11",4165164d-3909-4c64-9660-c17a1c6251ee
08-07-2025,16:57,08-07-2025,SALESFORCE INC,US79466L3024,Costes de transacción y/o externos de DEGIRO,,EUR,"-2,00",EUR,"487,57",4165164d-3909-4c64-9660-c17a1c6251ee
08-07-2025,16:57,08-07-2025,SALESFORCE INC,US79466L3024,"Compra 2 Salesforce Inc@275,51 USD (US79466L3024)",,USD,"-551,02",USD,"-551,02",4165164d-3909-4c64-9660-c17a1c6251ee
07-07-2025,17:50,07-07-2025,,,flatex Deposit,,EUR,"400,00",EUR,"489,57",
07-07-2025,04:20,07-07-2025,,,"Transferir a su Cuenta de Efectivo en flatexDEGIRO Bank: 0,05 EUR",,,,EUR,"89,57",
07-07-2025,04:20,07-07-2025,,,Degiro Cash Sweep Transfer,,EUR,"-0,05",EUR,"89,52",
05-07-2025,22:12,30-06-2025,,,Flatex Interest Income,,EUR,"0,00",EUR,"89,57",
05-07-2025,06:42,04-07-2025,,,Ingreso Cambio de Divisa,,EUR,"0,05",EUR,"89,57",
05-07-2025,06:42,04-07-2025,,,Retirada Cambio de Divisa,"1,1808",USD,"-0,06",USD,"0,00",
04-07-2025,11:01,04-07-2025,,,"Transferir a su Cuenta de Efectivo en flatexDEGIRO Bank: 10,55 EUR",,,,EUR,"89,52",
04-07-2025,11:01,04-07-2025,,,Degiro Cash Sweep Transfer,,EUR,"-10,55",EUR,"78,97",
04-07-2025,07:56,03-07-2025,,,Ingreso Cambio de Divisa,,EUR,"10,55",EUR,"89,52",
04-07-2025,07:56,03-07-2025,,,Retirada Cambio de Divisa,"1,1787",USD,"-12,44",USD,"0,06",
04-07-2025,07:49,03-07-2025,NVIDIA CORP,US67066G1040,Retención del dividendo,,USD,"-0,01",USD,"12,50",
04-07-2025,07:47,03-07-2025,NVIDIA CORP,US67066G1040,Dividendo,,USD,"0,07",USD,"12,51",
03-07-2025,08:13,03-07-2025,,,"Transferir a su Cuenta de Efectivo en flatexDEGIRO Bank: 17,55 EUR",,,,EUR,"78,97",
03-07-2025,08:13,03-07-2025,,,Degiro Cash Sweep Transfer,,EUR,"-17,55",EUR,"61,42",
03-07-2025,07:32,02-07-2025,VANGUARD S&P 500 UCITS ETF USD DIS,IE00B3XXRP09,Dividendo,,USD,"3,76",USD,"12,44",
03-07-2025,07:26,02-07-2025,VANGUARD FTSE ALL-WORLD UCITS ETF,IE00B3RBWM25,Dividendo,,USD,"8,68",USD,"8,68",
03-07-2025,06:32,02-07-2025,,,Ingreso Cambio de Divisa,,EUR,"17,55",EUR,"78,97",
03-07-2025,06:32,02-07-2025,,,Retirada Cambio de Divisa,"1,1829",USD,"-20,76",USD,"0,00",
02-07-2025,07:41,01-07-2025,STST SPDR S&P U.S. DIV ARISTOCRATS,IE00B6YX5D40,Dividendo,,USD,"5,15",USD,"20,76",
02-07-2025,07:29,01-07-2025,COCA-COLA CO,US1912161007,Dividendo,,USD,"18,36",USD,"15,61",
02-07-2025,07:28,01-07-2025,COCA-COLA CO,US1912161007,Retención del dividendo,,USD,"-2,75",USD,"-2,75",
20-06-2025,08:32,20-06-2025,,,"Transferir a su Cuenta de Efectivo en flatexDEGIRO Bank: 16,4 EUR",,,,EUR,"61,42",
20-06-2025,08:32,20-06-2025,,,Degiro Cash Sweep Transfer,,EUR,"-16,40",EUR,"45,02",
20-06-2025,07:11,19-06-2025,TELEFONICA SA,ES0178430E18,Dividendo,,EUR,"20,25",EUR,"61,42",
20-06-2025,07:11,19-06-2025,TELEFONICA SA,ES0178430E18,Retención del dividendo,,EUR,"-3,85",EUR,"41,17",
18-06-2025,07:53,18-06-2025,,,"Transferir a su Cuenta de Efectivo en flatexDEGIRO Bank: 1,24 EUR",,,,EUR,"45,02",
18-06-2025,07:53,18-06-2025,,,Degiro Cash Sweep Transfer,,EUR,"-1,24",EUR,"43,78",
18-06-2025,06:57,17-06-2025,,,Ingreso Cambio de Divisa,,EUR,"1,24",EUR,"45,02",
18-06-2025,06:57,17-06-2025,,,Retirada Cambio de Divisa,"1,1508",USD,"-1,43",USD,"0,00",
17-06-2025,07:26,16-06-2025,ALPHABET INC CLASS C,US02079K1079,Dividendo,,USD,"1,68",USD,"1,43",
17-06-2025,07:26,16-06-2025,ALPHABET INC CLASS C,US02079K1079,Retención del dividendo,,USD,"-0,25",USD,"-0,25",
16-06-2025,04:06,16-06-2025,,,"Transferir a su Cuenta de Efectivo en flatexDEGIRO Bank: 2,44 EUR",,,,EUR,"43,78",
16-06-2025,04:06,16-06-2025,,,Degiro Cash Sweep Transfer,,EUR,"-2,44",EUR,"41,34",
14-06-2025,06:41,13-06-2025,,,Ingreso Cambio de Divisa,,EUR,"2,44",EUR,"43,78",
14-06-2025,06:41,13-06-2025,,,Retirada Cambio de Divisa,"1,1578",USD,"-2,82",USD,"0,00",
13-06-2025,07:29,12-06-2025,MICROSOFT CORP,US5949181045,Dividendo,,USD,"3,32",USD,"2,82",
13-06-2025,07:29,12-06-2025,MICROSOFT CORP,US5949181045,Retención del dividendo,,USD,"-0,50",USD,"-0,50",
12-06-2025,07:47,12-06-2025,,,"Transferir a su Cuenta de Efectivo en flatexDEGIRO Bank: 8,7 EUR",,,,EUR,"41,34",
12-06-2025,07:47,12-06-2025,,,Degiro Cash Sweep Transfer,,EUR,"-8,70",EUR,"32,64",
12-06-2025,06:39,11-06-2025,,,Ingreso Cambio de Divisa,,EUR,"8,70",EUR,"41,34",
12-06-2025,06:39,11-06-2025,,,Retirada Cambio de Divisa,"1,1516",USD,"-10,02",USD,"0,00",
11-06-2025,07:32,10-06-2025,EXXON MOBIL CORP,US30231G1022,Dividendo,,USD,"4,95",USD,"10,02",
11-06-2025,07:31,10-06-2025,EXXON MOBIL CORP,US30231G1022,Retención del dividendo,,USD,"-0,74",USD,"5,07",
11-06-2025,07:29,10-06-2025,CHEVRON CORP,US1667641005,Dividendo,,USD,"6,84",USD,"5,81",
11-06-2025,07:28,10-06-2025,CHEVRON CORP,US1667641005,Retención del dividendo,,USD,"-1,03",USD,"-1,03",
04-06-2025,07:43,04-06-2025,,,Degiro Cash Sweep Transfer,,EUR,"-4,39",EUR,"32,64",
04-06-2025,07:43,04-06-2025,,,"Transferir a su Cuenta de Efectivo en flatexDEGIRO Bank: 4,39 EUR",,,,EUR,"37,03",
04-06-2025,06:32,03-06-2025,,,Ingreso Cambio de Divisa,,EUR,"4,39",EUR,"32,64",
04-06-2025,06:32,03-06-2025,,,Retirada Cambio de Divisa,"1,1400",USD,"-5,01",USD,"0,00",
03-06-2025,08:11,03-06-2025,,,Degiro Cash Sweep Transfer,,EUR,"-4,52",EUR,"28,25",
03-06-2025,08:11,03-06-2025,,,"Transferir a su Cuenta de Efectivo en flatexDEGIRO Bank: 4,52 EUR",,,,EUR,"32,77",
03-06-2025,07:52,02-06-2025,VISA INC CLASS A,US92826C8394,Dividendo,,USD,"5,90",USD,"5,01",
03-06-2025,07:52,02-06-2025,VISA INC CLASS A,US92826C8394,Retención del dividendo,,USD,"-0,89",USD,"-0,89",
03-06-2025,06:37,02-06-2025,,,Ingreso Cambio de Divisa,,EUR,"4,52",EUR,"28,25",
03-06-2025,06:37,02-06-2025,,,Retirada Cambio de Divisa,"1,1470",USD,"-5,18",USD,"0,00",
02-06-2025,07:58,30-05-2025,STARBUCKS CORP,US8552441094,Retención del dividendo,,USD,"-0,92",USD,"5,18",
02-06-2025,07:58,30-05-2025,STARBUCKS CORP,US8552441094,Dividendo,,USD,"6,10",USD,"6,10",
30-05-2025,08:34,30-05-2025,,,Degiro Cash Sweep Transfer,,EUR,"-4,35",EUR,"23,73",
30-05-2025,08:34,30-05-2025,,,"Transferir a su Cuenta de Efectivo en flatexDEGIRO Bank: 4,35 EUR",,,,EUR,"28,08",
30-05-2025,07:18,29-05-2025,ISHARES CORE EURO STOXX 50 UCITS ETF,IE0008471009,Dividendo,,EUR,"4,35",EUR,"23,73",
19-05-2025,09:30,19-05-2025,,,"Transferir desde su Cuenta de Efectivo en flatexDEGIRO Bank: 1,97 EUR",,,,EUR,"19,38",
19-05-2025,09:30,19-05-2025,,,Degiro Cash Sweep Transfer,,EUR,"1,97",EUR,"21,35",
19-05-2025,08:31,19-05-2025,,,"Transferir a su Cuenta de Efectivo en flatexDEGIRO Bank: 1,97 EUR",,,,EUR,"19,38",
19-05-2025,08:31,19-05-2025,,,Degiro Cash Sweep Transfer,,EUR,"-1,97",EUR,"17,41",
19-05-2025,08:00,19-05-2025,,,"Transferir a su Cuenta de Efectivo en flatexDEGIRO Bank: 1,97 EUR",,,,EUR,"19,38",
19-05-2025,08:00,19-05-2025,,,Degiro Cash Sweep Transfer,,EUR,"-1,97",EUR,"17,41",
19-05-2025,06:31,16-05-2025,,,Ingreso Cambio de Divisa,,EUR,"1,97",EUR,"19,38",
19-05-2025,06:31,16-05-2025,,,Retirada Cambio de Divisa,"1,1191",USD,"-2,21",USD,"0,00",
18-05-2025,23:12,16-05-2025,COSTCO WHOLESALE CORP,US22160K1051,Retención del dividendo,,USD,"-0,39",USD,"2,21",
18-05-2025,23:12,16-05-2025,COSTCO WHOLESALE CORP,US22160K1051,Dividendo,,USD,"2,60",USD,"2,60",
15-05-2025,10:31,15-05-2025,,,Transferir desde su Cuenta de Efectivo en flatexDEGIRO Bank: 553 EUR,,,,EUR,"17,41",
15-05-2025,10:31,15-05-2025,,,Degiro Cash Sweep Transfer,,EUR,"553,00",EUR,"570,41",
15-05-2025,09:04,15-05-2025,ISHARES CORE EURO STOXX 50 UCITS ETF,IE0008471009,Costes de transacción y/o externos de DEGIRO,,EUR,"-1,00",EUR,"17,41",d8a21fb8-54f9-4d61-858f-d55563ca2a2b
15-05-2025,09:04,15-05-2025,ISHARES CORE EURO STOXX 50 UCITS ETF,IE0008471009,"Compra 10 iShares Core EURO STOXX 50 UCITS ETF EUR Dist@55,2 EUR (IE0008471009)",,EUR,"-552,00",EUR,"18,41",d8a21fb8-54f9-4d61-858f-d55563ca2a2b
14-05-2025,17:50,14-05-2025,,,flatex Deposit,,EUR,"400,00",EUR,"570,41",
08-05-2025,06:22,08-05-2025,,,"Transferir a su Cuenta de Efectivo en flatexDEGIRO Bank: 13,1 EUR",,,,EUR,"170,41",
08-05-2025,06:22,08-05-2025,,,Degiro Cash Sweep Transfer,,EUR,"-13,10",EUR,"157,31",
08-05-2025,05:13,02-05-2025,BANCO SANTANDER SA,ES0113900J37,Retención del dividendo,,EUR,"-3,07",EUR,"170,41",
08-05-2025,05:13,02-05-2025,BANCO SANTANDER SA,ES0113900J37,Dividendo,,EUR,"16,17",EUR,"173,48",
02-05-2025,10:33,02-05-2025,,,"Transferir desde su Cuenta de Efectivo en flatexDEGIRO Bank: 8,43 EUR",,,,EUR,"157,31",
02-05-2025,10:33,02-05-2025,,,Degiro Cash Sweep Transfer,,EUR,"8,43",EUR,"165,74",
02-05-2025,09:00,02-05-2025,,,"Transferir a su Cuenta de Efectivo en flatexDEGIRO Bank: 8,43 EUR",,,,EUR,"157,31",
02-05-2025,09:00,02-05-2025,,,Degiro Cash Sweep Transfer,,EUR,"-8,43",EUR,"148,88",
02-05-2025,08:00,02-05-2025,,,"Transferir a su Cuenta de Efectivo en flatexDEGIRO Bank: 8,43 EUR",,,,EUR,"157,31",
02-05-2025,08:00,02-05-2025,,,Degiro Cash Sweep Transfer,,EUR,"-8,43",EUR,"148,88",
02-05-2025,06:35,01-05-2025,,,Ingreso Cambio de Divisa,,EUR,"8,43",EUR,"157,31",
02-05-2025,06:35,01-05-2025,,,Retirada Cambio de Divisa,"1,1319",USD,"-9,54",USD,"0,00",
01-05-2025,07:32,30-04-2025,ALTRIA GROUP INC,US02209S1033,Retención del dividendo,,USD,"-1,68",USD,"9,54",
01-05-2025,07:32,30-04-2025,ALTRIA GROUP INC,US02209S1033,Dividendo,,USD,"11,22",USD,"11,22",
25-04-2025,08:41,25-04-2025,,,"Transferir a su Cuenta de Efectivo en flatexDEGIRO Bank: 39,44 EUR",,,,EUR,"148,88",
25-04-2025,08:41,25-04-2025,,,Degiro Cash Sweep Transfer,,EUR,"-39,44",EUR,"109,44",
25-04-2025,07:37,24-04-2025,CAIXABANK SA,ES0140609019,Retención del dividendo,,EUR,"-9,25",EUR,"148,88",
25-04-2025,07:37,24-04-2025,CAIXABANK SA,ES0140609019,Dividendo,,EUR,"48,69",EUR,"158,13",
11-04-2025,11:42,11-04-2025,,,"Transferir desde su Cuenta de Efectivo en flatexDEGIRO Bank: 30,55 EUR",,,,EUR,"109,44",
11-04-2025,11:42,11-04-2025,,,Degiro Cash Sweep Transfer,,EUR,"30,55",EUR,"139,99",
11-04-2025,10:00,11-04-2025,,,"Transferir a su Cuenta de Efectivo en flatexDEGIRO Bank: 30,55 EUR",,,,EUR,"109,44",
11-04-2025,10:00,11-04-2025,,,Degiro Cash Sweep Transfer,,EUR,"-30,55",EUR,"78,89",
11-04-2025,09:00,11-04-2025,,,"Transferir a su Cuenta de Efectivo en flatexDEGIRO Bank: 30,55 EUR",,,,EUR,"109,44",
11-04-2025,09:00,11-04-2025,,,Degiro Cash Sweep Transfer,,EUR,"-30,55",EUR,"78,89",
11-04-2025,07:24,10-04-2025,BANCO BILBAO VIZCAYA ARGENTARIA SA,ES0113211835,Dividendo,,EUR,"37,72",EUR,"109,44",
11-04-2025,07:24,10-04-2025,BANCO BILBAO VIZCAYA ARGENTARIA SA,ES0113211835,Retención del dividendo,,EUR,"-7,17",EUR,"71,72",
07-04-2025,04:38,07-04-2025,,,"Transferir a su Cuenta de Efectivo en flatexDEGIRO Bank: 5,03 EUR",,,,EUR,"78,89",
07-04-2025,04:38,07-04-2025,,,Degiro Cash Sweep Transfer,,EUR,"-5,03",EUR,"73,86",
05-04-2025,09:50,31-03-2025,,,Flatex Interest Income,,EUR,"0,00",EUR,"78,89",
05-04-2025,06:37,04-04-2025,,,Ingreso Cambio de Divisa,,EUR,"5,03",EUR,"78,89",
05-04-2025,06:37,04-04-2025,,,Retirada Cambio de Divisa,"1,0983",USD,"-5,52",USD,"0,00",
04-04-2025,22:14,04-04-2025,,,"Transferir a su Cuenta de Efectivo en flatexDEGIRO Bank: 7,72 EUR",,,,EUR,"73,86",
04-04-2025,22:14,04-04-2025,,,Degiro Cash Sweep Transfer,,EUR,"-7,72",EUR,"66,14",
04-04-2025,08:05,03-04-2025,,,Ingreso Cambio de Divisa,,EUR,"7,72",EUR,"73,86",
04-04-2025,08:05,03-04-2025,,,Retirada Cambio de Divisa,"1,1080",USD,"-8,55",USD,"5,52",
04-04-2025,07:14,03-04-2025,VICI PROPERTIES INC,US9256521090,Retención del dividendo,,USD,"-0,97",USD,"14,07",
04-04-2025,07:14,03-04-2025,VICI PROPERTIES INC,US9256521090,Dividendo,,USD,"6,49",USD,"15,04",
03-04-2025,08:58,02-04-2025,VANGUARD S&P 500 UCITS ETF USD DIS,IE00B3XXRP09,Dividendo,,USD,"3,85",USD,"8,55",
03-04-2025,08:48,02-04-2025,VANGUARD S&P 500 UCITS ETF USD DIS,IE00B3XXRP09,Dividendo,,USD,"-7,70",USD,"4,70",
03-04-2025,08:27,02-04-2025,NVIDIA CORP,US67066G1040,Dividendo,,USD,"0,07",USD,"12,40",
03-04-2025,08:27,02-04-2025,NVIDIA CORP,US67066G1040,Retención del dividendo,,USD,"-0,01",USD,"12,33",
03-04-2025,07:33,02-04-2025,VANGUARD S&P 500 UCITS ETF USD DIS,IE00B3XXRP09,Dividendo,,USD,"3,85",USD,"12,34",
03-04-2025,07:32,02-04-2025,VANGUARD S&P 500 UCITS ETF USD DIS,IE00B3XXRP09,Dividendo,,USD,"3,85",USD,"8,49",
03-04-2025,07:27,02-04-2025,VANGUARD FTSE ALL-WORLD UCITS ETF,IE00B3RBWM25,Dividendo,,USD,"4,64",USD,"4,64",
02-04-2025,08:46,02-04-2025,,,"Transferir a su Cuenta de Efectivo en flatexDEGIRO Bank: 19,13 EUR",,,,EUR,"66,14",
02-04-2025,08:46,02-04-2025,,,Degiro Cash Sweep Transfer,,EUR,"-19,13",EUR,"47,01",
02-04-2025,06:36,01-04-2025,,,Ingreso Cambio de Divisa,,EUR,"19,13",EUR,"66,14",
02-04-2025,06:36,01-04-2025,,,Retirada Cambio de Divisa,"1,0819",USD,"-20,70",USD,"0,00",
02-04-2025,06:07,01-04-2025,COCA-COLA CO,US1912161007,Retención del dividendo,,USD,"-2,75",USD,"20,70",
02-04-2025,06:07,01-04-2025,COCA-COLA CO,US1912161007,Dividendo,,USD,"18,36",USD,"23,45",
02-04-2025,06:05,01-04-2025,STST SPDR S&P U.S. DIV ARISTOCRATS,IE00B6YX5D40,Dividendo,,USD,"5,09",USD,"5,09",
31-03-2025,08:52,31-03-2025,,,"Transferir a su Cuenta de Efectivo en flatexDEGIRO Bank: 37,79 EUR",,,,EUR,"47,01",
31-03-2025,08:52,31-03-2025,,,Degiro Cash Sweep Transfer,,EUR,"-37,79",EUR,"9,22",
31-03-2025,07:23,28-03-2025,BANCO DE SABADELL SA,ES0113860A34,Dividendo,,EUR,"46,65",EUR,"47,01",
31-03-2025,07:23,28-03-2025,BANCO DE SABADELL SA,ES0113860A34,Retención del dividendo,,EUR,"-8,86",EUR,"0,36",
21-03-2025,10:41,21-03-2025,,,"Transferir desde su Cuenta de Efectivo en flatexDEGIRO Bank: 808,8 EUR",,,,EUR,"9,22",
21-03-2025,10:41,21-03-2025,,,Degiro Cash Sweep Transfer,,EUR,"808,80",EUR,"818,02",
21-03-2025,09:04,21-03-2025,ISHARES CORE EURO STOXX 50 UCITS ETF,IE0008471009,Costes de transacción y/o externos de DEGIRO,,EUR,"-1,00",EUR,"9,22",30da9c8e-2a4e-485f-b24a-d6cdbefc75d2
21-03-2025,09:04,21-03-2025,ISHARES CORE EURO STOXX 50 UCITS ETF,IE0008471009,"Compra 10 iShares Core EURO STOXX 50 UCITS ETF EUR Dist@55,19 EUR (IE0008471009)",,EUR,"-551,90",EUR,"10,22",30da9c8e-2a4e-485f-b24a-d6cdbefc75d2
21-03-2025,09:04,21-03-2025,ISHARES S&P 500 INFO TECHNOLG SCTR,IE00B3WJKG14,Costes de transacción y/o externos de DEGIRO,,EUR,"-3,00",EUR,"562,12",f33854cf-7e95-4e49-97e5-11670d00695c
21-03-2025,09:04,21-03-2025,ISHARES S&P 500 INFO TECHNOLG SCTR,IE00B3WJKG14,"Compra 9 iShares S&P 500 Info Technolg Sctr UCITS ETF USD A@28,1 EUR (IE00B3WJKG14)",,EUR,"-252,90",EUR,"565,12",f33854cf-7e95-4e49-97e5-11670d00695c
20-03-2025,15:00,20-03-2025,,,flatex Deposit,,EUR,"800,00",EUR,"818,02",
19-03-2025,08:07,19-03-2025,,,"Transferir a su Cuenta de Efectivo en flatexDEGIRO Bank: 1,24 EUR",,,,EUR,"18,02",
19-03-2025,08:07,19-03-2025,,,Degiro Cash Sweep Transfer,,EUR,"-1,24",EUR,"16,78",
19-03-2025,06:49,18-03-2025,,,Ingreso Cambio de Divisa,,EUR,"1,24",EUR,"18,02",
19-03-2025,06:49,18-03-2025,,,Retirada Cambio de Divisa,"1,0972",USD,"-1,36",USD,"0,00",
18-03-2025,07:33,17-03-2025,ALPHABET INC CLASS C,US02079K1079,Retención del dividendo,,USD,"-0,24",USD,"1,36",
18-03-2025,07:33,17-03-2025,ALPHABET INC CLASS C,US02079K1079,Dividendo,,USD,"1,60",USD,"1,60",
17-03-2025,04:22,17-03-2025,,,"Transferir a su Cuenta de Efectivo en flatexDEGIRO Bank: 2,59 EUR",,,,EUR,"16,78",
17-03-2025,04:22,17-03-2025,,,Degiro Cash Sweep Transfer,,EUR,"-2,59",EUR,"14,19",
15-03-2025,06:56,14-03-2025,,,Ingreso Cambio de Divisa,,EUR,"2,59",EUR,"16,78",
15-03-2025,06:56,14-03-2025,,,Retirada Cambio de Divisa,"1,0906",USD,"-2,82",USD,"0,00",
14-03-2025,07:33,13-03-2025,MICROSOFT CORP,US5949181045,Dividendo,,USD,"3,32",USD,"2,82",
14-03-2025,07:33,13-03-2025,MICROSOFT CORP,US5949181045,Retención del dividendo,,USD,"-0,50",USD,"-0,50",
13-03-2025,02:17,12-03-2025,,,"Transferir a su Cuenta de Efectivo en flatexDEGIRO Bank: 9,15 EUR",,,,EUR,"14,19",
13-03-2025,02:17,12-03-2025,,,Degiro Cash Sweep Transfer,,EUR,"-9,15",EUR,"5,04",
12-03-2025,06:44,11-03-2025,,,Ingreso Cambio de Divisa,,EUR,"9,15",EUR,"14,19",
12-03-2025,06:44,11-03-2025,,,Retirada Cambio de Divisa,"1,0947",USD,"-10,02",USD,"0,00",
11-03-2025,07:29,10-03-2025,EXXON MOBIL CORP,US30231G1022,Retención del dividendo,,USD,"-0,74",USD,"10,02",
11-03-2025,07:29,10-03-2025,EXXON MOBIL CORP,US30231G1022,Dividendo,,USD,"4,95",USD,"10,76",
11-03-2025,07:25,10-03-2025,CHEVRON CORP,US1667641005,Dividendo,,USD,"6,84",USD,"5,81",
11-03-2025,07:25,10-03-2025,CHEVRON CORP,US1667641005,Retención del dividendo,,USD,"-1,03",USD,"-1,03",
10-03-2025,15:54,10-03-2025,,,"Transferir desde su Cuenta de Efectivo en flatexDEGIRO Bank: 612,5 EUR",,,,EUR,"5,04",
10-03-2025,15:54,10-03-2025,,,Degiro Cash Sweep Transfer,,EUR,"612,50",EUR,"617,54",
10-03-2025,12:10,08-03-2025,,,"Transferir desde su Cuenta de Efectivo en flatexDEGIRO Bank: 303,51 EUR",,,,EUR,"5,04",
10-03-2025,12:10,08-03-2025,,,Degiro Cash Sweep Transfer,,EUR,"303,51",EUR,"308,55",
10-03-2025,10:54,10-03-2025,ISHARES S&P 500 INFO TECHNOLG SCTR,IE00B3WJKG14,Costes de transacción y/o externos de DEGIRO,,EUR,"-1,00",EUR,"5,04",bfa04eeb-8848-4996-97d9-6109c8b1a0c3
10-03-2025,10:54,10-03-2025,ISHARES S&P 500 INFO TECHNOLG SCTR,IE00B3WJKG14,"Compra 8 iShares S&P 500 Info Technolg Sctr UCITS ETF USD A@28,5 EUR (IE00B3WJKG14)",,EUR,"-228,00",EUR,"6,04",bfa04eeb-8848-4996-97d9-6109c8b1a0c3
10-03-2025,09:58,10-03-2025,VANGUARD FTSE ALL-WORLD UCITS ETF,IE00B3RBWM25,Costes de transacción y/o externos de DEGIRO,,EUR,"-1,00",EUR,"234,04",0702d534-9686-454f-b42f-6d18dabf8ab8
10-03-2025,09:58,10-03-2025,VANGUARD FTSE ALL-WORLD UCITS ETF,IE00B3RBWM25,"Compra 3 Vanguard FTSE All-World UCITS ETF USD Dis@127,5 EUR (IE00B3RBWM25)",,EUR,"-382,50",EUR,"235,04",0702d534-9686-454f-b42f-6d18dabf8ab8
07-03-2025,19:43,07-03-2025,VANGUARD S&P 500 UCITS ETF USD DIS,IE00B3XXRP09,Costes de transacción y/o externos de DEGIRO,,EUR,"-1,00",EUR,"617,54",8e3a1697-2142-49c1-ad6e-01601349f795
07-03-2025,19:43,07-03-2025,VANGUARD S&P 500 UCITS ETF USD DIS,IE00B3XXRP09,"Compra 3 Vanguard S&P 500 UCITS ETF USD Dis@100,838 EUR (IE00B3XXRP09)",,EUR,"-302,51",EUR,"618,54",8e3a1697-2142-49c1-ad6e-01601349f795
07-03-2025,15:10,07-03-2025,,,flatex Deposit,,EUR,"900,00",EUR,"921,05",
05-03-2025,20:01,05-03-2025,,,"Transferir a su Cuenta de Efectivo en flatexDEGIRO Bank: 4,7 EUR",,,,EUR,"21,05",
05-03-2025,20:01,05-03-2025,,,Degiro Cash Sweep Transfer,,EUR,"-4,70",EUR,"16,35",
05-03-2025,13:52,04-03-2025,,,Ingreso Cambio de Divisa,,EUR,"4,70",EUR,"21,05",
05-03-2025,13:52,04-03-2025,,,Retirada Cambio de Divisa,"1,0652",USD,"-5,01",USD,"0,00",
04-03-2025,20:02,04-03-2025,,,"Transferir a su Cuenta de Efectivo en flatexDEGIRO Bank: 4,93 EUR",,,,EUR,"16,35",
04-03-2025,20:02,04-03-2025,,,Degiro Cash Sweep Transfer,,EUR,"-4,93",EUR,"11,42",
04-03-2025,07:26,03-03-2025,VISA INC CLASS A,US92826C8394,Dividendo,,USD,"5,90",USD,"5,01",
04-03-2025,07:26,03-03-2025,VISA INC CLASS A,US92826C8394,Retención del dividendo,,USD,"-0,89",USD,"-0,89",
04-03-2025,06:40,03-03-2025,,,Ingreso Cambio de Divisa,,EUR,"4,93",EUR,"16,35",
04-03-2025,06:40,03-03-2025,,,Retirada Cambio de Divisa,"1,0514",USD,"-5,18",USD,"0,00",
03-03-2025,07:37,28-02-2025,STARBUCKS CORP,US8552441094,Dividendo,,USD,"6,10",USD,"5,18",
03-03-2025,07:37,28-02-2025,STARBUCKS CORP,US8552441094,Retención del dividendo,,USD,"-0,92",USD,"-0,92",
24-02-2025,19:52,24-02-2025,,,Degiro Cash Sweep Transfer,,EUR,"-1,88",EUR,"11,42",
24-02-2025,19:52,24-02-2025,,,"Transferir a su Cuenta de Efectivo en flatexDEGIRO Bank: 1,88 EUR",,,,EUR,"13,30",
24-02-2025,06:52,21-02-2025,,,Ingreso Cambio de Divisa,,EUR,"1,88",EUR,"11,42",
24-02-2025,06:52,21-02-2025,,,Retirada Cambio de Divisa,"1,0484",USD,"-1,97",USD,"0,00",
23-02-2025,23:40,21-02-2025,COSTCO WHOLESALE CORP,US22160K1051,Retención del dividendo,,USD,"-0,35",USD,"1,97",
23-02-2025,23:40,21-02-2025,COSTCO WHOLESALE CORP,US22160K1051,Dividendo,,USD,"2,32",USD,"2,32",
11-02-2025,02:03,10-02-2025,,,"Transferir a su Cuenta de Efectivo en flatexDEGIRO Bank: 9,54 EUR",,,,EUR,"9,54",
11-02-2025,02:03,10-02-2025,,,Degiro Cash Sweep Transfer,,EUR,"-9,54",EUR,"0,00",
10-02-2025,18:22,10-02-2025,UBER TECHNOLOGIES INC,US90353T1007,Ingreso Cambio de Divisa,"1,0286",USD,"463,26",USD,"0,00",03c67c7c-1f68-4ea8-ad7e-b619c744d425
10-02-2025,18:22,10-02-2025,UBER TECHNOLOGIES INC,US90353T1007,Retirada Cambio de Divisa,,EUR,"-450,37",EUR,"9,54",03c67c7c-1f68-4ea8-ad7e-b619c744d425
10-02-2025,18:22,10-02-2025,UBER TECHNOLOGIES INC,US90353T1007,Costes de transacción y/o externos de DEGIRO,,EUR,"-2,00",EUR,"459,91",03c67c7c-1f68-4ea8-ad7e-b619c744d425
10-02-2025,18:22,10-02-2025,UBER TECHNOLOGIES INC,US90353T1007,"Compra 6 Uber Technologies Inc@77,21 USD (US90353T1007)",,USD,"-463,26",USD,"-463,26",03c67c7c-1f68-4ea8-ad7e-b619c744d425
10-02-2025,18:21,10-02-2025,ALPHABET INC CLASS C,US02079K1079,Ingreso Cambio de Divisa,"1,0287",USD,"375,72",USD,"0,00",1ec8f237-39e9-4105-9dc0-f5e7150b1c2a
10-02-2025,18:21,10-02-2025,ALPHABET INC CLASS C,US02079K1079,Retirada Cambio de Divisa,,EUR,"-365,23",EUR,"461,91",1ec8f237-39e9-4105-9dc0-f5e7150b1c2a
10-02-2025,18:21,10-02-2025,ALPHABET INC CLASS C,US02079K1079,Costes de transacción y/o externos de DEGIRO,,EUR,"-2,00",EUR,"827,14",1ec8f237-39e9-4105-9dc0-f5e7150b1c2a
10-02-2025,18:21,10-02-2025,ALPHABET INC CLASS C,US02079K1079,"Compra 2 Alphabet Inc Class C@187,86 USD (US02079K1079)",,USD,"-375,72",USD,"-375,72",1ec8f237-39e9-4105-9dc0-f5e7150b1c2a
10-02-2025,15:56,10-02-2025,PEPSICO INC,US7134481081,Retirada Cambio de Divisa,"1,0336",USD,"-862,38",USD,"0,00",a2f4e365-cd78-4c87-ab5b-48354309ed8f
10-02-2025,15:56,10-02-2025,PEPSICO INC,US7134481081,Ingreso Cambio de Divisa,,EUR,"834,36",EUR,"829,14",a2f4e365-cd78-4c87-ab5b-48354309ed8f
10-02-2025,15:56,10-02-2025,PEPSICO INC,US7134481081,Costes de transacción y/o externos de DEGIRO,,EUR,"-2,00",EUR,"-5,22",a2f4e365-cd78-4c87-ab5b-48354309ed8f
10-02-2025,15:56,10-02-2025,PEPSICO INC,US7134481081,"Venta 6 PepsiCo Inc@143,73 USD (US7134481081)",,USD,"862,38",USD,"862,38",a2f4e365-cd78-4c87-ab5b-48354309ed8f
07-02-2025,06:51,06-02-2025,,,"Transferir desde su Cuenta de Efectivo en flatexDEGIRO Bank: 9,28 EUR",,,,EUR,"-3,22",
07-02-2025,06:51,06-02-2025,,,Degiro Cash Sweep Transfer,,EUR,"9,28",EUR,"6,06",
06-02-2025,17:16,31-01-2025,,,Comisión de conectividad con el mercado 2025 (New York Stock Exchange - NSY),,EUR,"-2,50",EUR,"-3,22",
06-02-2025,17:16,31-01-2025,,,Comisión de conectividad con el mercado 2025 (Nasdaq - NDQ),,EUR,"-2,50",EUR,"-0,72",
06-02-2025,17:16,31-01-2025,,,Comisión de conectividad con el mercado 2025 (Euronext Amsterdam - EAM),,EUR,"-2,50",EUR,"1,78",
06-02-2025,17:16,31-01-2025,,,Comisión de conectividad con el mercado 2025 (Tradegate AG - TDG),,EUR,"-2,50",EUR,"4,28",
06-02-2025,17:16,31-01-2025,,,Comisión de conectividad con el mercado 2025 (Xetra - XET),,EUR,"-2,50",EUR,"6,78",
01-02-2025,01:13,31-01-2025,,,"Transferir desde su Cuenta de Efectivo en flatexDEGIRO Bank: 480,27 EUR",,,,EUR,"9,28",
01-02-2025,01:13,31-01-2025,,,Degiro Cash Sweep Transfer,,EUR,"480,27",EUR,"489,55",
31-01-2025,15:30,31-01-2025,NVIDIA CORP,US67066G1040,Ingreso Cambio de Divisa,"1,0349",USD,"494,96",USD,"0,00",481bdae2-73b4-418f-ad03-8b91a0a0d9d6
31-01-2025,15:30,31-01-2025,NVIDIA CORP,US67066G1040,Retirada Cambio de Divisa,,EUR,"-478,27",EUR,"9,28",481bdae2-73b4-418f-ad03-8b91a0a0d9d6
31-01-2025,15:30,31-01-2025,NVIDIA CORP,US67066G1040,Costes de transacción y/o externos de DEGIRO,,EUR,"-2,00",EUR,"487,55",481bdae2-73b4-418f-ad03-8b91a0a0d9d6
31-01-2025,15:30,31-01-2025,NVIDIA CORP,US67066G1040,"Compra 4 NVIDIA Corp@123,74 USD (US67066G1040)",,USD,"-494,96",USD,"-494,96",481bdae2-73b4-418f-ad03-8b91a0a0d9d6
31-01-2025,09:00,31-01-2025,,,flatex Deposit,,EUR,"450,00",EUR,"489,55",
14-01-2025,18:00,14-01-2025,FLATEX EURO BANKACCOUNT,NLFLATEXACNT,Degiro Cash Sweep Transfer,,EUR,"-9,29",EUR,"39,55",
14-01-2025,18:00,14-01-2025,,,"Transferir a su Cuenta de Efectivo en flatexDEGIRO Bank: 9,29 EUR",,,,EUR,"48,84",
14-01-2025,06:45,13-01-2025,,,Ingreso Cambio de Divisa,,EUR,"9,29",EUR,"39,55",
14-01-2025,06:45,13-01-2025,,,Retirada Cambio de Divisa,"1,0270",USD,"-9,54",USD,"0,00",
13-01-2025,18:46,13-01-2025,,,"Transferir a su Cuenta de Efectivo en flatexDEGIRO Bank: 5,37 EUR",,,,EUR,"30,26",
13-01-2025,18:46,13-01-2025,FLATEX EURO BANKACCOUNT,NLFLATEXACNT,Degiro Cash Sweep Transfer,,EUR,"-5,37",EUR,"24,89",
13-01-2025,14:15,10-01-2025,,,"Transferir desde su Cuenta de Efectivo en flatexDEGIRO Bank: 594,49 EUR",,,,EUR,"30,26",
13-01-2025,14:15,10-01-2025,FLATEX EURO BANKACCOUNT,NLFLATEXACNT,Degiro Cash Sweep Transfer,,EUR,"594,49",EUR,"624,75",
13-01-2025,07:15,10-01-2025,ALTRIA GROUP INC,US02209S1033,Dividendo,,USD,"11,22",USD,"9,54",
13-01-2025,07:15,10-01-2025,ALTRIA GROUP INC,US02209S1033,Retención del dividendo,,USD,"-1,68",USD,"-1,68",
11-01-2025,06:51,10-01-2025,,,Ingreso Cambio de Divisa,,EUR,"5,37",EUR,"30,26",
11-01-2025,06:51,10-01-2025,,,Retirada Cambio de Divisa,"1,0270",USD,"-5,52",USD,"0,00",
10-01-2025,20:01,10-01-2025,FLATEX EURO BANKACCOUNT,NLFLATEXACNT,Degiro Cash Sweep Transfer,,EUR,"6,67",EUR,"24,89",
10-01-2025,20:01,10-01-2025,,,"Transferir desde su Cuenta de Efectivo en flatexDEGIRO Bank: 6,67 EUR",,,,EUR,"18,22",
10-01-2025,15:30,10-01-2025,NVIDIA CORP,US67066G1040,Ingreso Cambio de Divisa,"1,0234",USD,"412,44",USD,"5,52",d21f1d05-b55c-49be-9a95-98329302157b
10-01-2025,15:30,10-01-2025,NVIDIA CORP,US67066G1040,Retirada Cambio de Divisa,,EUR,"-403,00",EUR,"24,89",d21f1d05-b55c-49be-9a95-98329302157b
10-01-2025,15:30,10-01-2025,NVIDIA CORP,US67066G1040,Costes de transacción y/o externos de DEGIRO,,EUR,"-2,00",EUR,"427,89",d21f1d05-b55c-49be-9a95-98329302157b
10-01-2025,15:30,10-01-2025,NVIDIA CORP,US67066G1040,"Compra 3 NVIDIA Corp@137,48 USD (US67066G1040)",,USD,"-412,44",USD,"-406,92",d21f1d05-b55c-49be-9a95-98329302157b
10-01-2025,15:30,10-01-2025,UBER TECHNOLOGIES INC,US90353T1007,Ingreso Cambio de Divisa,"1,0234",USD,"191,88",USD,"5,52",fb290b49-14fc-4308-adc4-0ea03fa930d6
10-01-2025,15:30,10-01-2025,UBER TECHNOLOGIES INC,US90353T1007,Retirada Cambio de Divisa,,EUR,"-187,49",EUR,"429,89",fb290b49-14fc-4308-adc4-0ea03fa930d6
10-01-2025,15:30,10-01-2025,UBER TECHNOLOGIES INC,US90353T1007,Costes de transacción y/o externos de DEGIRO,,EUR,"-2,00",EUR,"617,38",fb290b49-14fc-4308-adc4-0ea03fa930d6
10-01-2025,15:30,10-01-2025,UBER TECHNOLOGIES INC,US90353T1007,"Compra 3 Uber Technologies Inc@63,96 USD (US90353T1007)",,USD,"-191,88",USD,"-186,36",fb290b49-14fc-4308-adc4-0ea03fa930d6
10-01-2025,07:15,09-01-2025,VICI PROPERTIES INC,US9256521090,Dividendo,,USD,"6,49",USD,"5,52",
10-01-2025,07:15,09-01-2025,VICI PROPERTIES INC,US9256521090,Retención del dividendo,,USD,"-0,97",USD,"-0,97",
09-01-2025,13:15,08-01-2025,,,"Transferir a su Cuenta de Efectivo en flatexDEGIRO Bank: 6,67 EUR",,,,EUR,"619,38",
09-01-2025,13:15,08-01-2025,FLATEX EURO BANKACCOUNT,NLFLATEXACNT,Degiro Cash Sweep Transfer,,EUR,"-6,67",EUR,"612,71",
09-01-2025,09:10,09-01-2025,,,flatex Deposit,,EUR,"600,00",EUR,"619,38",
09-01-2025,08:21,02-01-2025,,,Flatex Interest Income,,EUR,"0,00",EUR,"19,38",
08-01-2025,19:00,08-01-2025,FLATEX EURO BANKACCOUNT,NLFLATEXACNT,Degiro Cash Sweep Transfer,,EUR,"-6,67",EUR,"19,38",
08-01-2025,19:00,08-01-2025,,,"Transferir a su Cuenta de Efectivo en flatexDEGIRO Bank: 6,67 EUR",,,,EUR,"26,05",
08-01-2025,06:45,07-01-2025,,,Ingreso Cambio de Divisa,,EUR,"6,67",EUR,"19,38",
08-01-2025,06:45,07-01-2025,,,Retirada Cambio de Divisa,"1,0366",USD,"-6,91",USD,"0,00",
07-01-2025,07:04,06-01-2025,PEPSICO INC,US7134481081,Dividendo,,USD,"8,13",USD,"6,91",
07-01-2025,07:04,06-01-2025,PEPSICO INC,US7134481081,Retención del dividendo,,USD,"-1,22",USD,"-1,22",
06-01-2025,23:15,03-01-2025,FLATEX EURO BANKACCOUNT,NLFLATEXACNT,Degiro Cash Sweep Transfer,,EUR,"647,29",EUR,"12,71",
06-01-2025,23:15,03-01-2025,,,"Transferir desde su Cuenta de Efectivo en flatexDEGIRO Bank: 647,29 EUR",,,,EUR,"-634,58",
03-01-2025,20:01,03-01-2025,,,"Transferir a su Cuenta de Efectivo en flatexDEGIRO Bank: 4,11 EUR",,,,EUR,"12,71",
03-01-2025,20:01,03-01-2025,FLATEX EURO BANKACCOUNT,NLFLATEXACNT,Degiro Cash Sweep Transfer,,EUR,"-4,11",EUR,"8,60",
03-01-2025,06:53,02-01-2025,,,Ingreso Cambio de Divisa,,EUR,"4,11",EUR,"12,71",
03-01-2025,06:53,02-01-2025,,,Retirada Cambio de Divisa,"1,0290",USD,"-4,23",USD,"0,00",
02-01-2025,09:00,02-01-2025,BANCO DE SABADELL SA,ES0113860A34,Spanish Transaction Tax,,EUR,"-0,65",EUR,"8,60",6b7c0312-6420-44f4-b727-66c767227deb
02-01-2025,09:00,02-01-2025,BANCO DE SABADELL SA,ES0113860A34,Costes de transacción y/o externos de DEGIRO,,EUR,"-2,00",EUR,"9,25",6b7c0312-6420-44f4-b727-66c767227deb
02-01-2025,09:00,02-01-2025,BANCO DE SABADELL SA,ES0113860A34,"Compra 175 Banco de Sabadell SA@1,87 EUR (ES0113860A34)",,EUR,"-327,25",EUR,"11,25",6b7c0312-6420-44f4-b727-66c767227deb
02-01-2025,09:00,02-01-2025,BANCO SANTANDER SA,ES0113900J37,Spanish Transaction Tax,,EUR,"-0,64",EUR,"338,50",24e277fb-b896-487a-89ec-da3377cb20fd
02-01-2025,09:00,02-01-2025,BANCO SANTANDER SA,ES0113900J37,Costes de transacción y/o externos de DEGIRO,,EUR,"-2,00",EUR,"339,14",24e277fb-b896-487a-89ec-da3377cb20fd
02-01-2025,09:00,02-01-2025,BANCO SANTANDER SA,ES0113900J37,"Compra 72 Banco Santander SA@4,45 EUR (ES0113900J37)",,EUR,"-320,40",EUR,"341,14",24e277fb-b896-487a-89ec-da3377cb20fd
02-01-2025,07:18,31-12-2024,STST SPDR S&P U.S. DIV ARISTOCRATS,IE00B6YX5D40,Dividendo,,USD,"4,23",USD,"4,23",
