,date,ticker,tipo_movimiento,movimiento,importe,num_acciones,price,moneda,description,fx_rate,importe_EUR,price_EUR
0,2021-07-27,Deposito,DEPOSITOS,Deposito,1000.0,0.0,,EUR,flatex Deposit,0.85,1000.0,
1,2021-07-27,VUSA.MI,COMPRA ACCIONES,VANGUARD S&P500,-993.85,14.0,70.989,EUR,"Compra 14 Vanguard S&P 500 UCITS ETF USD@70,989 EUR (IE00B3XXRP09)",0.85,-993.85,70.99
2,2021-08-03,Gastos,COMISION,,-2.49,0.0,,EUR,Comisión de conectividad con el mercado 2021 (Euronext Amsterdam - EAM),0.84,-2.49,
3,2021-08-17,Deposito,DEPOSITOS,Deposito,1003.0,0.0,,EUR,flatex Deposit,0.85,1003.0,
4,2021-08-17,VUSA.MI,COMPRA ACCIONES,VANGUARD S&P500,-1006.32,14.0,71.88,EUR,"Compra 14 Vanguard S&P 500 UCITS ETF USD@71,88 EUR (IE00B3XXRP09)",0.85,-1006.32,71.88
5,2021-09-02,Gastos,COMISION,,-0.01,0.0,,EUR,Comisión de conectividad con el mercado 2021 (Euronext Amsterdam - EAM),0.84,-0.01,
6,2021-09-07,Deposito,DEPOSITOS,Deposito,726.0,0.0,,EUR,flatex Deposit,0.84,726.0,
7,2021-09-07,VUSA.MI,COMPRA ACCIONES,VANGUARD S&P500,-725.5,10.0,72.55,EUR,"Compra 10 Vanguard S&P 500 UCITS ETF USD@72,55 EUR (IE00B3XXRP09)",0.84,-725.5,72.55
8,2021-09-30,VUSA.MI,DIVIDENDO,VANGUARD S&P500,9.71,0.0,,USD,Dividendo,0.86,8.37,
9,2021-10-02,Gastos,INTERESES,,0.0,0.0,,EUR,Flatex Interest Income,0.86,0.0,
10,2021-11-16,Deposito,DEPOSITOS,Deposito,700.0,0.0,,EUR,flatex Deposit,0.88,700.0,
11,2021-11-19,QDVE.DE,COMPRA ACCIONES,ISHARES S&P 500,-702.11,37.0,18.976,EUR,"Compra 37 iShares S&P 500 Inf Tech Sector UCITS ETF USD Acc@18,976 EUR (IE00B3WJKG14)",0.88,-702.11,18.98
12,2021-12-02,Gastos,COMISION,,-2.5,0.0,,EUR,Comisión de conectividad con el mercado 2021 (Xetra - XET),0.88,-2.5,
13,2021-12-30,VUSA.MI,DIVIDENDO,VANGUARD S&P500,9.05,0.0,,USD,Dividendo,0.88,7.97,
14,2021-12-31,Gastos,INTERESES,,-0.04,0.0,,EUR,Flatex Interest,0.88,-0.04,
15,2022-01-10,Deposito,DEPOSITOS,Deposito,600.0,0.0,,EUR,flatex Deposit,0.88,600.0,
16,2022-01-10,QDVE.DE,COMPRA ACCIONES,ISHARES S&P 500,-606.67,33.0,18.384,EUR,"Compra 33 iShares S&P 500 Inf Tech Sector UCITS ETF USD Acc@18,384 EUR (IE00B3WJKG14)",0.88,-606.67,18.38
17,2022-01-26,Deposito,DEPOSITOS,Deposito,510.0,0.0,,EUR,flatex Deposit,0.88,510.0,
18,2022-01-26,Gastos,COMISION,ISHARES S&P 500,-0.5,0.0,,EUR,Costes de transacción y/o externos de DEGIRO,0.88,-0.5,
19,2022-01-26,QDVE.DE,COMPRA ACCIONES,ISHARES S&P 500,-515.1,30.0,17.17,EUR,"Compra 30 iShares S&P 500 Inf Tech Sector UCITS ETF USD Acc@17,17 EUR (IE00B3WJKG14)",0.88,-515.1,17.17
20,2022-02-03,Gastos,COMISION,,-5.0,0.0,,EUR,Giro Exchange Connection Fee 2022,0.88,-5.0,
21,2022-02-15,Deposito,DEPOSITOS,Deposito,5.0,0.0,,EUR,flatex Deposit,0.88,5.0,
22,2022-02-28,Deposito,DEPOSITOS,Deposito,650.0,0.0,,EUR,flatex Deposit,0.89,650.0,
23,2022-03-03,Gastos,INTERESES,,-0.01,0.0,,EUR,Interés,0.9,-0.01,
24,2022-03-08,AAPL,COMPRA ACCIONES,APPLE,-635.32,4.0,158.83,USD,"Compra 4 Apple Inc@158,83 USD (US0378331005)",0.92,-584.72,146.18
25,2022-03-08,Gastos,COMISION,APPLE,-0.5,0.0,,EUR,Costes de transacción y/o externos de DEGIRO,0.92,-0.5,
26,2022-04-01,Gastos,COMISION,,-2.5,0.0,,EUR,Giro Exchange Connection Fee 2022,0.9,-2.5,
27,2022-04-01,VUSA.MI,DIVIDENDO,VANGUARD S&P500,9.79,0.0,,USD,Dividendo,0.9,8.84,
28,2022-04-02,Gastos,INTERESES,,-0.12,0.0,,EUR,Flatex Interest,0.9,-0.12,
29,2022-05-12,AAPL,DIVIDENDO,APPLE,0.92,0.0,,USD,Dividendo,0.95,0.88,
30,2022-05-12,Gastos,IMPUESTO,APPLE,-0.14,0.0,,USD,Retención del dividendo,0.95,-0.13,
31,2022-05-16,Deposito,DEPOSITOS,Deposito,800.0,0.0,,EUR,flatex Deposit,0.96,800.0,
32,2022-05-17,AAPL,COMPRA ACCIONES,APPLE,-886.8,6.0,147.8,USD,"Compra 6 Apple Inc@147,8 USD (US0378331005)",0.96,-849.51,141.59
33,2022-05-17,Gastos,COMISION,APPLE,-0.5,0.0,,EUR,Costes de transacción y/o externos de DEGIRO,0.96,-0.5,
34,2022-05-24,Deposito,DEPOSITOS,Deposito,750.0,0.0,,EUR,flatex Deposit,0.94,750.0,
35,2022-05-24,VGWL.DE,COMPRA ACCIONES,VANGUARD FTSE A-W DIVS,-772.16,8.0,96.52,EUR,"Compra 8 Vanguard FTSE All-World UCITS ETF USD Dis@96,52 EUR (IE00B3RBWM25)",0.94,-772.16,96.52
36,2022-06-30,VGWL.DE,DIVIDENDO,VANGUARD FTSE A-W DIVS,6.71,0.0,,USD,Dividendo,0.96,6.42,
37,2022-06-30,VUSA.MI,DIVIDENDO,VANGUARD S&P500,9.72,0.0,,USD,Dividendo,0.96,9.3,
38,2022-07-02,Gastos,INTERESES,,-0.05,0.0,,EUR,Flatex Interest,0.96,-0.05,
39,2022-08-11,AAPL,DIVIDENDO,APPLE,2.3,0.0,,USD,Dividendo,0.97,2.23,
40,2022-08-11,AAPL,VENTA ACCIONES,APPLE,1705.0,10.0,170.5,USD,"Venta 10 Apple Inc@170,5 USD (US0378331005)",0.97,1655.21,165.52
41,2022-08-11,Gastos,COMISION,APPLE,-0.5,0.0,,EUR,Costes de transacción y/o externos de DEGIRO,0.97,-0.5,
42,2022-08-11,Gastos,IMPUESTO,APPLE,-0.35,0.0,,USD,Retención del dividendo,0.97,-0.34,
43,2022-08-31,AAPL,COMPRA ACCIONES,APPLE,-1590.0,10.0,159.0,USD,Compra 10 Apple Inc@159 USD (US0378331005),1.0,-1586.03,158.6
44,2022-08-31,Gastos,COMISION,APPLE,-0.5,0.0,,EUR,Costes de transacción y/o externos de DEGIRO,1.0,-0.5,
45,2022-09-27,AAPL,COMPRA ACCIONES,APPLE,-609.68,4.0,152.42,USD,"Compra 4 Apple Inc@152,42 USD (US0378331005)",1.04,-633.52,158.38
46,2022-09-27,Deposito,DEPOSITOS,Deposito,685.0,0.0,,EUR,flatex Deposit,1.04,685.0,
47,2022-09-27,Gastos,COMISION,APPLE,-1.0,0.0,,EUR,Costes de transacción y/o externos de DEGIRO,1.04,-1.0,
48,2022-09-29,VGWL.DE,DIVIDENDO,VANGUARD FTSE A-W DIVS,3.96,0.0,,USD,Dividendo,1.03,4.08,
49,2022-09-29,VUSA.MI,DIVIDENDO,VANGUARD S&P500,10.04,0.0,,USD,Dividendo,1.03,10.34,
50,2022-10-01,Gastos,INTERESES,,-0.01,0.0,,EUR,Flatex Interest,1.03,-0.01,
51,2022-10-04,Gastos,COMISION,TELEFONICA,-1.0,0.0,,EUR,Costes de transacción y/o externos de DEGIRO,1.02,-1.0,
52,2022-10-04,Gastos,IMPUESTO,TELEFONICA,-0.24,0.0,,EUR,Spanish Transaction Tax,1.02,-0.24,
53,2022-10-04,TEF.MC,COMPRA ACCIONES,TELEFONICA,-122.47,35.0,3.499,EUR,"Compra 35 Telefonica SA@3,499 EUR (ES0178430E18)",1.02,-122.47,3.5
54,2022-11-11,AAPL,DIVIDENDO,APPLE,3.22,0.0,,USD,Dividendo,0.98,3.16,
55,2022-11-11,Gastos,IMPUESTO,APPLE,-0.48,0.0,,USD,Retención del dividendo,0.98,-0.47,
56,2022-11-22,Deposito,DEPOSITOS,Deposito,600.0,0.0,,EUR,flatex Deposit,0.98,600.0,
57,2022-11-22,Gastos,COMISION,COCA-COLA,-1.0,0.0,,EUR,Costes de transacción y/o externos de DEGIRO,0.98,-1.0,
58,2022-11-22,KO,COMPRA ACCIONES,COCA-COLA,-621.0,10.0,62.1,USD,"Compra 10 Coca-Cola@62,1 USD (US1912161007)",0.98,-606.11,60.61
59,2022-12-16,Gastos,COMISION,,-2.5,0.0,,EUR,Giro Exchange Connection Fee 2022,0.94,-2.5,
60,2022-12-16,Gastos,IMPUESTO,TELEFONICA,-1.6600000000000001,0.0,,USD,Retención del dividendo,0.94,-1.56,
61,2022-12-16,KO,DIVIDENDO,COCA-COLA,4.4,0.0,,USD,Dividendo,0.94,4.14,
62,2022-12-16,TEF.MC,DIVIDENDO,TELEFONICA,5.25,0.0,,EUR,Dividendo,0.94,5.25,
63,2022-12-28,Deposito,DEPOSITOS,Deposito,600.0,0.0,,EUR,flatex Deposit,0.94,600.0,
64,2022-12-29,AAPL,COMPRA ACCIONES,APPLE,-644.0,5.0,128.8,USD,"Compra 5 Apple Inc@128,8 USD (US0378331005)",0.94,-605.88,121.18
65,2022-12-29,Gastos,COMISION,APPLE,-1.0,0.0,,EUR,Costes de transacción y/o externos de DEGIRO,0.94,-1.0,
66,2022-12-29,VGWL.DE,DIVIDENDO,VANGUARD FTSE A-W DIVS,3.03,0.0,,USD,Dividendo,0.94,2.85,
67,2022-12-29,VUSA.MI,DIVIDENDO,VANGUARD S&P500,9.86,0.0,,USD,Dividendo,0.94,9.28,
68,2023-01-02,Gastos,INTERESES,,0.0,0.0,,EUR,Flatex Interest Income,0.93,0.0,
69,2023-01-03,Gastos,COMISION,,-10.0,0.0,,EUR,Giro Exchange Connection Fee 2023,0.94,-10.0,
70,2023-01-27,ALLY,COMPRA ACCIONES,ALLY,-260.8,8.0,32.6,USD,"Compra 8 Ally Financial Inc@32,6 USD (US02005N1000)",0.92,-239.39,29.92
71,2023-01-27,AMZN,COMPRA ACCIONES,AMAZON,-204.0,2.0,102.0,USD,Compra 2 Amazon.com Inc.@102 USD (US0231351067),0.92,-187.25,93.63
72,2023-01-27,Deposito,DEPOSITOS,Deposito,620.0,0.0,,EUR,flatex Deposit,0.92,620.0,
73,2023-01-27,GOOG,COMPRA ACCIONES,GOOGLE,-198.1,2.0,99.05,USD,"Compra 2 Alphabet Inc Class C@99,05 USD (US02079K1079)",0.92,-181.84,90.92
74,2023-01-27,Gastos,COMISION,GOOGLE,-3.0,0.0,,EUR,Costes de transacción y/o externos de DEGIRO,0.92,-3.0,
75,2023-02-16,ALLY,DIVIDENDO,ALLY,2.4,0.0,,USD,Dividendo,0.94,2.24,
76,2023-02-16,Gastos,IMPUESTO,ALLY,-0.36,0.0,,USD,Retención del dividendo,0.94,-0.34,
77,2023-02-17,AAPL,DIVIDENDO,APPLE,4.37,0.0,,USD,Dividendo,0.94,4.1,
78,2023-02-17,Gastos,IMPUESTO,APPLE,-0.66,0.0,,USD,Retención del dividendo,0.94,-0.62,
79,2023-03-30,VGWL.DE,DIVIDENDO,VANGUARD FTSE A-W DIVS,3.27,0.0,,USD,Dividendo,0.92,3.02,
80,2023-03-30,VUSA.MI,DIVIDENDO,VANGUARD S&P500,10.85,0.0,,USD,Dividendo,0.92,10.01,
81,2023-04-03,Gastos,INTERESES,,0.0,0.0,,EUR,Flatex Interest Income,0.93,0.0,
82,2023-04-04,Gastos,IMPUESTO,COCA-COLA,-0.69,0.0,,USD,Retención del dividendo,0.92,-0.63,
83,2023-04-04,KO,DIVIDENDO,COCA-COLA,4.6,0.0,,USD,Dividendo,0.92,4.22,
84,2023-05-01,AAPL,VENTA ACCIONES,APPLE,3220.5,19.0,169.5,USD,"Venta 19 Apple Inc@169,5 USD (US0378331005)",0.91,2924.83,153.94
85,2023-05-01,Gastos,COMISION,APPLE,-1.0,0.0,,EUR,Costes de transacción y/o externos de DEGIRO,0.91,-1.0,
86,2023-05-11,GOOG,VENTA ACCIONES,GOOGLE,234.4,2.0,117.2,USD,"Venta 2 Alphabet Inc Class C@117,2 USD (US02079K1079)",0.91,213.4,106.7
87,2023-05-11,Gastos,COMISION,GOOGLE,-1.0,0.0,,EUR,Costes de transacción y/o externos de DEGIRO,0.91,-1.0,
88,2023-05-16,ALLY,DIVIDENDO,ALLY,2.4,0.0,,USD,Dividendo,0.92,2.21,
89,2023-05-16,Gastos,IMPUESTO,ALLY,-0.36,0.0,,USD,Retención del dividendo,0.92,-0.33,
90,2023-05-17,AMZN,VENTA ACCIONES,AMAZON,230.0,2.0,115.0,USD,Venta 2 Amazon.com Inc.@115 USD (US0231351067),0.92,211.68,105.84
91,2023-05-17,Gastos,COMISION,AMAZON,-2.0,0.0,,EUR,Costes de transacción y/o externos de DEGIRO,0.92,-2.0,
92,2023-06-07,DIS,COMPRA ACCIONES,DISNEY,-1107.6,12.0,92.3,USD,"Compra 12 Walt Disney@92,3 USD (US2546871060)",0.93,-1035.33,86.28
93,2023-06-07,Gastos,COMISION,KRAFT,-6.0,0.0,,EUR,Costes de transacción y/o externos de DEGIRO,0.93,-6.0,
94,2023-06-07,KHC,COMPRA ACCIONES,KRAFT,-369.89,10.0,36.9893,USD,"Compra 10 Kraft Heinz Co@36,9893 USD (US5007541064)",0.93,-345.75,34.58
95,2023-06-07,KO,COMPRA ACCIONES,COCA-COLA,-601.4,10.0,60.14,USD,"Compra 10 Coca-Cola@60,14 USD (US1912161007)",0.93,-562.16,56.22
96,2023-06-08,Gastos,COMISION,VANGUARD FTSE A-W DIVS,-2.0,0.0,,EUR,Costes de transacción y/o externos de DEGIRO,0.93,-2.0,
97,2023-06-08,QDVE.DE,COMPRA ACCIONES,ISHARES S&P 500,-872.01,45.0,19.378,EUR,"Compra 45 iShares S&P 500 Inf Tech Sector UCITS ETF USD Acc@19,378 EUR (IE00B3WJKG14)",0.93,-872.01,19.38
98,2023-06-08,VGWL.DE,COMPRA ACCIONES,VANGUARD FTSE A-W DIVS,-509.7,5.0,101.94,EUR,"Compra 5 Vanguard FTSE All-World UCITS ETF USD Dis@101,94 EUR (IE00B3RBWM25)",0.93,-509.7,101.94
99,2023-06-16,Gastos,IMPUESTO,TELEFONICA,-1.0,0.0,,EUR,Retención del dividendo,0.91,-1.0,
100,2023-06-16,TEF.MC,DIVIDENDO,TELEFONICA,5.25,0.0,,EUR,Dividendo,0.91,5.25,
101,2023-06-29,VGWL.DE,DIVIDENDO,VANGUARD FTSE A-W DIVS,9.45,0.0,,USD,Dividendo,0.92,8.66,
102,2023-06-29,VUSA.MI,DIVIDENDO,VANGUARD S&P500,10.45,0.0,,USD,Dividendo,0.92,9.57,
103,2023-07-03,Gastos,INTERESES,,0.0,0.0,,EUR,Flatex Interest Income,0.92,0.0,
104,2023-07-04,Gastos,IMPUESTO,COCA-COLA,-1.38,0.0,,USD,Retención del dividendo,0.92,-1.26,
105,2023-07-04,KO,DIVIDENDO,COCA-COLA,9.2,0.0,,USD,Dividendo,0.92,8.43,
106,2023-07-11,Gastos,COMISION,VANGUARD S&P500,-2.0,0.0,,EUR,Costes de transacción y/o externos de DEGIRO,0.91,-2.0,
107,2023-07-11,QDVE.DE,VENTA ACCIONES,ISHARES S&P 500,2010.0,100.0,20.1,EUR,"Venta 87 iShares S&P 500 Inf Tech Sector UCITS ETF USD Acc@20,1 EUR (IE00B3WJKG14)",0.91,2010.0,20.1
108,2023-07-11,VUSA.MI,VENTA ACCIONES,VANGUARD S&P500,1831.2,24.0,76.3,EUR,"Venta 7 Vanguard S&P 500 UCITS ETF USD@76,3 EUR (IE00B3XXRP09)",0.91,1831.2,76.3
109,2023-07-26,GOOG,COMPRA ACCIONES,GOOGLE,-523.6,4.0,130.9,USD,"Compra 4 Alphabet Inc Class C@130,9 USD (US02079K1079)",0.9,-473.83,118.46
110,2023-07-26,Gastos,COMISION,TESLA,-6.0,0.0,,EUR,Costes de transacción y/o externos de DEGIRO,0.9,-6.0,
111,2023-07-26,MSFT,COMPRA ACCIONES,MICROSOFT,-1352.92,4.0,338.23,USD,"Compra 4 Microsoft Corp@338,23 USD (US5949181045)",0.9,-1224.31,306.08
112,2023-07-26,TSLA,COMPRA ACCIONES,TESLA,-803.21,3.0,267.735,USD,"Compra 3 Tesla@267,735 USD (US88160R1014)",0.9,-726.86,242.28
113,2023-08-16,ALLY,DIVIDENDO,ALLY,2.4,0.0,,USD,Dividendo,0.92,2.2,
114,2023-08-16,Gastos,IMPUESTO,ALLY,-0.36,0.0,,USD,Retención del dividendo,0.92,-0.33,
115,2023-08-22,AAPL,COMPRA ACCIONES,APPLE,-1416.0,8.0,177.0,USD,Compra 8 Apple Inc@177 USD (US0378331005),0.92,-1299.28,162.41
116,2023-08-22,Gastos,COMISION,APPLE,-2.0,0.0,,EUR,Costes de transacción y/o externos de DEGIRO,0.92,-2.0,
117,2023-09-05,Gastos,COMISION,VANGUARD S&P500,-1.0,0.0,,EUR,Costes de transacción y/o externos de DEGIRO,0.93,-1.0,
118,2023-09-05,VUSA.MI,VENTA ACCIONES,VANGUARD S&P500,1120.0,14.0,80.0,EUR,Venta 14 Vanguard S&P 500 UCITS ETF USD@80 EUR (IE00B3XXRP09),0.93,1120.0,80.0
119,2023-09-15,Gastos,IMPUESTO,MICROSOFT,-0.41,0.0,,USD,Retención del dividendo,0.94,-0.39,
120,2023-09-15,MSFT,DIVIDENDO,MICROSOFT,2.72,0.0,,USD,Dividendo,0.94,2.56,
121,2023-09-28,VGWL.DE,DIVIDENDO,VANGUARD FTSE A-W DIVS,6.16,0.0,,USD,Dividendo,0.95,5.86,
122,2023-10-01,Gastos,INTERESES,,0.0,0.0,,EUR,Flatex Interest Income,0.95,0.0,
123,2023-10-02,Gastos,IMPUESTO,KRAFT,-0.6,0.0,,USD,Retención del dividendo,0.95,-0.57,
124,2023-10-02,KHC,DIVIDENDO,KRAFT,4.0,0.0,,USD,Dividendo,0.95,3.79,
125,2023-10-03,BBVA.MC,COMPRA ACCIONES,BBVA,-469.20000000000005,60.0,7.82,EUR,"Compra 47 Banco Bilbao Vizcaya Argentaria@7,82 EUR (ES0113211835)",0.95,-469.2,7.82
126,2023-10-03,CABK.MC,COMPRA ACCIONES,CAIXABANK,-264.81,70.0,3.783,EUR,"Compra 70 CaixaBank SA@3,783 EUR (ES0140609019)",0.95,-264.81,3.78
127,2023-10-03,Gastos,COMISION,SANTANDER,-8.0,0.0,,EUR,Costes de transacción y/o externos de DEGIRO,0.95,-8.0,
128,2023-10-03,Gastos,IMPUESTO,SANTANDER,-3.3899999999999997,0.0,,USD,Spanish Transaction Tax,0.95,-3.23,
129,2023-10-03,KO,COMPRA ACCIONES,COCA-COLA,-276.3,5.0,55.26,USD,"Compra 5 Coca-Cola@55,26 USD (US1912161007)",0.95,-263.63,52.73
130,2023-10-03,KO,DIVIDENDO,COCA-COLA,9.2,0.0,,USD,Dividendo,0.95,8.78,
131,2023-10-03,SAN.MC,COMPRA ACCIONES,SANTANDER,-270.64,75.0,3.6085,EUR,"Compra 48 Banco Santander@3,6085 EUR (ES0113900J37)",0.95,-270.64,3.61
132,2023-10-12,BBVA.MC,DIVIDENDO,BBVA,9.6,0.0,,EUR,Dividendo,0.94,9.6,
133,2023-10-12,Gastos,IMPUESTO,BBVA,-1.82,0.0,,EUR,Retención del dividendo,0.94,-1.82,
134,2023-10-30,ALLY,VENTA ACCIONES,ALLY,190.08,8.0,23.76,USD,"Venta 8 Ally Financial Inc@23,76 USD (US02005N1000)",0.95,179.96,22.49
135,2023-10-30,Gastos,COMISION,TESLA,-5.0,0.0,,EUR,Costes de transacción y/o externos de DEGIRO,0.95,-5.0,
136,2023-10-30,QDVE.DE,VENTA ACCIONES,ISHARES S&P 500,886.5,45.0,19.7,EUR,"Venta 45 iShares S&P 500 Inf Tech Sector UCITS ETF USD Acc@19,7 EUR (IE00B3WJKG14)",0.95,886.5,19.7
137,2023-10-30,TSLA,COMPRA ACCIONES,TESLA,-983.5,5.0,196.7,USD,"Compra 5 Tesla@196,7 USD (US88160R1014)",0.95,-931.13,186.23
138,2023-11-03,Gastos,IMPUESTO,SANTANDER,-1.15,0.0,,EUR,Retención del dividendo,0.94,-1.15,
139,2023-11-03,SAN.MC,DIVIDENDO,SANTANDER,6.08,0.0,,EUR,Dividendo,0.94,6.08,
140,2023-11-06,CABK.MC,COMPRA ACCIONES,CAIXABANK,-151.6,40.0,3.79,EUR,"Compra 40 CaixaBank SA@3,79 EUR (ES0140609019)",0.93,-151.6,3.79
141,2023-11-06,Gastos,COMISION,CAIXABANK,-2.0,0.0,,EUR,Costes de transacción y/o externos de DEGIRO,0.93,-2.0,
142,2023-11-06,Gastos,IMPUESTO,CAIXABANK,-0.3,0.0,,EUR,Spanish Transaction Tax,0.93,-0.3,
143,2023-11-17,AAPL,DIVIDENDO,APPLE,1.92,0.0,,USD,Dividendo,0.92,1.77,
144,2023-11-17,Gastos,IMPUESTO,APPLE,-0.29,0.0,,USD,Retención del dividendo,0.92,-0.27,
145,2023-12-05,Gastos,COMISION,VANGUARD FTSE A-W DIVS,-1.0,0.0,,EUR,Costes de transacción y/o externos de DEGIRO,0.92,-1.0,
146,2023-12-05,VGWL.DE,VENTA ACCIONES,VANGUARD FTSE A-W DIVS,1365.0,13.0,105.0,EUR,Venta 13 Vanguard FTSE All-World UCITS ETF USD Dis@105 EUR (IE00B3RBWM25),0.92,1365.0,105.0
147,2023-12-07,Gastos,COMISION,VANGUARD FTSE A-W HIGH,-3.0,0.0,,EUR,Costes de transacción y/o externos de DEGIRO,0.93,-3.0,
148,2023-12-07,VHYL.AS,COMPRA ACCIONES,VANGUARD FTSE A-W HIGH,-1358.15,23.0,59.05,EUR,"Compra 23 Vanguard FTSE All-World High Dividend Yield UCITS ETF Acc@59,05 EUR (IE00BK5BR626)",0.93,-1358.15,59.05
149,2023-12-14,Gastos,COMISION,TESLA,-2.0,0.0,,EUR,Costes de transacción y/o externos de DEGIRO,0.92,-2.0,
150,2023-12-14,TSLA,VENTA ACCIONES,TESLA,2000.0,8.0,250.0,USD,Venta 8 Tesla@250 USD (US88160R1014),0.92,1837.2,229.65
151,2023-12-15,Gastos,COMISION,VANGUARD FTSE A-W HIGH,-3.0,0.0,,EUR,Costes de transacción y/o externos de DEGIRO,0.91,-3.0,
152,2023-12-15,Gastos,IMPUESTO,MICROSOFT,-0.45,0.0,,USD,Retención del dividendo,0.91,-0.41,
153,2023-12-15,MSFT,DIVIDENDO,MICROSOFT,3.0,0.0,,USD,Dividendo,0.91,2.73,
154,2023-12-15,VHYL.AS,VENTA ACCIONES,VANGUARD FTSE A-W HIGH,1380.0,23.0,60.0,EUR,Venta 23 Vanguard FTSE All-World High Dividend Yield UCITS ETF Acc@60 EUR (IE00BK5BR626),0.91,1380.0,60.0
155,2023-12-18,Gastos,COMISION,VANGUARD S&P500,-9.0,0.0,,EUR,Costes de transacción y/o externos de DEGIRO,0.92,-9.0,
156,2023-12-18,Gastos,IMPUESTO,TELEFONICA,-2.45,0.0,,USD,Spanish Transaction Tax,0.92,-2.25,
157,2023-12-18,KHC,COMPRA ACCIONES,KRAFT,-625.77,17.0,36.81,USD,"Compra 17 Kraft Heinz Co@36,81 USD (US5007541064)",0.92,-574.35,33.79
158,2023-12-18,KO,DIVIDENDO,COCA-COLA,11.5,0.0,,USD,Dividendo,0.92,10.56,
159,2023-12-18,TEF.MC,COMPRA ACCIONES,TELEFONICA,-359.0,100.0,3.59,EUR,"Compra 100 Telefonica SA@3,59 EUR (ES0178430E18)",0.92,-359.0,3.59
160,2023-12-18,USDV.MI,COMPRA ACCIONES,SPDR S&P500 ARISTOCRATS,-751.68,12.0,62.64,EUR,"Compra 12 SPDR S&P US Dividend Aristocrats ETF@62,64 EUR (IE00B6YX5D40)",0.92,-751.68,62.64
161,2023-12-18,VGWL.DE,COMPRA ACCIONES,VANGUARD FTSE A-W DIVS,-751.24,7.0,107.32,EUR,"Compra 7 Vanguard FTSE All-World UCITS ETF USD Dis@107,32 EUR (IE00B3RBWM25)",0.92,-751.24,107.32
162,2023-12-18,VUSA.MI,COMPRA ACCIONES,VANGUARD S&P500,-737.77,9.0,81.974,EUR,"Compra 9 Vanguard S&P 500 UCITS ETF USD@81,974 EUR (IE00B3XXRP09)",0.92,-737.77,81.97
163,2023-12-19,Gastos,IMPUESTO,TELEFONICA,-1.0,0.0,,EUR,Retención del dividendo,0.92,-1.0,
164,2023-12-19,TEF.MC,DIVIDENDO,TELEFONICA,5.25,0.0,,EUR,Dividendo,0.92,5.25,
165,2024-01-02,Gastos,COMISION,,-2.5,0.0,,EUR,Giro Exchange Connection Fee 2023,0.91,-2.5,
166,2024-01-02,Gastos,IMPUESTO,KRAFT,-0.6,0.0,,USD,Retención del dividendo,0.91,-0.54,
167,2024-01-02,KHC,DIVIDENDO,KRAFT,4.0,0.0,,USD,Dividendo,0.91,3.62,
168,2024-01-03,Deposito,DEPOSITOS,Deposito,1033.0,0.0,,EUR,flatex Deposit,0.91,1033.0,
169,2024-01-04,CVX,COMPRA ACCIONES,CHEVRON,-612.4,4.0,153.1,USD,"Compra 3 Chevron Corp@153,1 USD (US1667641005)",0.92,-560.41,140.1
170,2024-01-04,Gastos,COMISION,EXXON MOBIL,-4.0,0.0,,EUR,Costes de transacción y/o externos de DEGIRO,0.92,-4.0,
171,2024-01-04,Gastos,INTERESES,,0.0,0.0,,EUR,Flatex Interest Income,0.92,0.0,
172,2024-01-04,XOM,COMPRA ACCIONES,EXXON MOBIL,-519.25,5.0,103.85,USD,"Compra 5 ExxonMobil Corp@103,85 USD (US30231G1022)",0.92,-475.17,95.03
173,2024-01-11,DIS,DIVIDENDO,DISNEY,3.6,0.0,,USD,Dividendo,0.91,3.28,
174,2024-01-11,Gastos,IMPUESTO,DISNEY,-0.54,0.0,,USD,Retención del dividendo,0.91,-0.49,
175,2024-01-16,Deposito,DEPOSITOS,Deposito,400.0,0.0,,EUR,flatex Deposit,0.91,400.0,
176,2024-01-16,Gastos,COMISION,STARBUCKS,-2.0,0.0,,EUR,Costes de transacción y/o externos de DEGIRO,0.91,-2.0,
177,2024-01-16,SBUX,COMPRA ACCIONES,STARBUCKS,-369.72,4.0,92.43,USD,"Compra 4 Starbucks@92,43 USD (US8552441094)",0.91,-337.78,84.44
178,2024-01-26,DIS,VENTA ACCIONES,DISNEY,1143.6,12.0,95.3,USD,"Venta 8 Walt Disney@95,3 USD (US2546871060)",0.92,1054.3,87.86
179,2024-01-26,Gastos,COMISION,DISNEY,-2.0,0.0,,EUR,Costes de transacción y/o externos de DEGIRO,0.92,-2.0,
180,2024-01-29,Gastos,COMISION,STARBUCKS,-4.0,0.0,,EUR,Costes de transacción y/o externos de DEGIRO,0.92,-4.0,
181,2024-01-29,KR,COMPRA ACCIONES,KROGER,-556.8,12.0,46.4,USD,"Compra 12 Kroger Co@46,4 USD (US5010441013)",0.92,-513.49,42.79
182,2024-01-29,SBUX,COMPRA ACCIONES,STARBUCKS,-557.4,6.0,92.9,USD,"Compra 6 Starbucks@92,9 USD (US8552441094)",0.92,-514.04,85.67
183,2024-02-05,Gastos,COMISION,,-12.5,0.0,,EUR,Giro Exchange Connection Fee 2024,0.93,-12.5,
184,2024-02-08,Deposito,DEPOSITOS,Deposito,900.0,0.0,,EUR,flatex Deposit,0.93,900.0,
185,2024-02-09,AAPL,COMPRA ACCIONES,APPLE,-565.5,3.0,188.5,USD,"Compra 3 Apple Inc@188,5 USD (US0378331005)",0.93,-524.72,174.91
186,2024-02-09,GOOG,COMPRA ACCIONES,GOOGLE,-442.5,3.0,147.5,USD,"Compra 3 Alphabet Inc Class C@147,5 USD (US02079K1079)",0.93,-410.59,136.86
187,2024-02-09,Gastos,COMISION,GOOGLE,-4.0,0.0,,EUR,Costes de transacción y/o externos de DEGIRO,0.93,-4.0,
188,2024-02-16,AAPL,DIVIDENDO,APPLE,1.92,0.0,,USD,Dividendo,0.93,1.78,
189,2024-02-16,Gastos,IMPUESTO,APPLE,-0.29,0.0,,USD,Retención del dividendo,0.93,-0.27,
190,2024-02-26,Gastos,IMPUESTO,STARBUCKS,-0.86,0.0,,USD,Retención del dividendo,0.92,-0.79,
191,2024-02-26,SBUX,DIVIDENDO,STARBUCKS,5.7,0.0,,USD,Dividendo,0.92,5.27,
192,2024-03-03,Gastos,IMPUESTO,KROGER,-0.52,0.0,,USD,Retención del dividendo,0.92,-0.48,
193,2024-03-03,KR,DIVIDENDO,KROGER,3.48,0.0,,USD,Dividendo,0.92,3.22,
194,2024-03-04,Deposito,DEPOSITOS,Deposito,600.0,0.0,,EUR,flatex Deposit,0.92,600.0,
195,2024-03-05,GOOG,COMPRA ACCIONES,GOOGLE,-663.15,5.0,132.63,USD,"Compra 5 Alphabet Inc Class C@132,63 USD (US02079K1079)",0.92,-610.91,122.18
196,2024-03-05,Gastos,COMISION,GOOGLE,-2.0,0.0,,EUR,Costes de transacción y/o externos de DEGIRO,0.92,-2.0,
197,2024-03-12,CVX,DIVIDENDO,CHEVRON,6.52,0.0,,USD,Dividendo,0.91,5.96,
198,2024-03-12,Gastos,IMPUESTO,EXXON MOBIL,-1.69,0.0,,USD,Retención del dividendo,0.91,-1.55,
199,2024-03-12,XOM,DIVIDENDO,EXXON MOBIL,4.75,0.0,,USD,Dividendo,0.91,4.35,
200,2024-03-15,Gastos,IMPUESTO,MICROSOFT,-0.45,0.0,,USD,Retención del dividendo,0.92,-0.41,
201,2024-03-15,MSFT,DIVIDENDO,MICROSOFT,3.0,0.0,,USD,Dividendo,0.92,2.76,
202,2024-03-27,USDV.MI,DIVIDENDO,SPDR S&P500 ARISTOCRATS,4.06,0.0,,USD,Dividendo,0.92,3.75,
203,2024-03-28,Deposito,DEPOSITOS,Deposito,600.0,0.0,,EUR,flatex Deposit,0.92,600.0,
204,2024-03-28,Gastos,COMISION,VISA,-2.0,0.0,,EUR,Costes de transacción y/o externos de DEGIRO,0.92,-2.0,
205,2024-03-28,V,COMPRA ACCIONES,VISA,-557.82,2.0,278.91,USD,"Compra 2 Visa Inc@278,91 USD (US92826C8394)",0.92,-515.86,257.93
206,2024-03-28,VGWL.DE,DIVIDENDO,VANGUARD FTSE A-W DIVS,2.69,0.0,,USD,Dividendo,0.92,2.49,
207,2024-03-28,VUSA.MI,DIVIDENDO,VANGUARD S&P500,2.72,0.0,,USD,Dividendo,0.92,2.52,
208,2024-04-02,Gastos,IMPUESTO,KRAFT,-3.4400000000000004,0.0,,USD,Retención del dividendo,0.93,-3.2,
209,2024-04-02,KHC,DIVIDENDO,KRAFT,10.8,0.0,,USD,Dividendo,0.93,10.06,
210,2024-04-02,KO,DIVIDENDO,COCA-COLA,12.13,0.0,,USD,Dividendo,0.93,11.3,
211,2024-04-05,CABK.MC,DIVIDENDO,CAIXABANK,43.11,0.0,,EUR,Dividendo,0.92,43.11,
212,2024-04-05,Gastos,IMPUESTO,CAIXABANK,-8.19,0.0,,EUR,Retención del dividendo,0.92,-8.19,
213,2024-04-07,Gastos,INTERESES,,0.0,0.0,,EUR,Flatex Interest Income,0.92,0.0,
214,2024-04-11,BBVA.MC,DIVIDENDO,BBVA,23.4,0.0,,EUR,Dividendo,0.93,23.4,
215,2024-04-11,Gastos,IMPUESTO,BBVA,-4.45,0.0,,EUR,Retención del dividendo,0.93,-4.45,
216,2024-04-22,AMZN,COMPRA ACCIONES,AMAZON,-707.58,4.0,176.895,USD,"Compra 4 Amazon.com Inc.@176,895 USD (US0231351067)",0.94,-663.88,165.97
217,2024-04-22,Deposito,DEPOSITOS,Deposito,500.0,0.0,,EUR,flatex Deposit,0.94,500.0,
218,2024-04-22,Gastos,COMISION,AMAZON,-2.0,0.0,,EUR,Costes de transacción y/o externos de DEGIRO,0.94,-2.0,
219,2024-05-07,Gastos,IMPUESTO,SANTANDER,-1.35,0.0,,EUR,Retención del dividendo,0.93,-1.35,
220,2024-05-07,SAN.MC,DIVIDENDO,SANTANDER,7.13,0.0,,EUR,Dividendo,0.93,7.13,
221,2024-05-17,AAPL,DIVIDENDO,APPLE,2.75,0.0,,USD,Dividendo,0.92,2.53,
222,2024-05-17,Gastos,IMPUESTO,APPLE,-0.41,0.0,,USD,Retención del dividendo,0.92,-0.38,
223,2024-05-21,Deposito,DEPOSITOS,Deposito,1000.0,0.0,,EUR,flatex Deposit,0.92,1000.0,
224,2024-05-21,Gastos,COMISION,VISA,-2.0,0.0,,EUR,Costes de transacción y/o externos de DEGIRO,0.92,-2.0,
225,2024-05-21,V,COMPRA ACCIONES,VISA,-1112.0,4.0,278.0,USD,Compra 4 Visa Inc@278 USD (US92826C8394),0.92,-1023.86,255.97
226,2024-06-03,Gastos,IMPUESTO,STARBUCKS,-0.86,0.0,,USD,Retención del dividendo,0.92,-0.79,
227,2024-06-03,SBUX,DIVIDENDO,STARBUCKS,5.7,0.0,,USD,Dividendo,0.92,5.25,
228,2024-06-04,Gastos,IMPUESTO,VISA,-0.68,0.0,,USD,Retención del dividendo,0.92,-0.62,
229,2024-06-04,KR,DIVIDENDO,KROGER,3.48,0.0,,USD,Dividendo,0.92,3.19,
230,2024-06-04,V,DIVIDENDO,VISA,1.04,0.0,,USD,Dividendo,0.92,0.95,
231,2024-06-11,CVX,DIVIDENDO,CHEVRON,6.52,0.0,,USD,Dividendo,0.93,6.06,
232,2024-06-11,Gastos,IMPUESTO,EXXON MOBIL,-1.69,0.0,,USD,Retención del dividendo,0.93,-1.57,
233,2024-06-11,XOM,DIVIDENDO,EXXON MOBIL,4.75,0.0,,USD,Dividendo,0.93,4.41,
234,2024-06-14,Gastos,IMPUESTO,MICROSOFT,-0.45,0.0,,USD,Retención del dividendo,0.93,-0.42,
235,2024-06-14,MSFT,DIVIDENDO,MICROSOFT,3.0,0.0,,USD,Dividendo,0.93,2.79,
236,2024-06-18,Deposito,DEPOSITOS,Deposito,600.0,0.0,,EUR,flatex Deposit,0.93,600.0,
237,2024-06-18,GOOG,DIVIDENDO,GOOGLE,2.4,0.0,,USD,Dividendo,0.93,2.23,
238,2024-06-18,Gastos,IMPUESTO,GOOGLE,-0.36,0.0,,USD,Retención del dividendo,0.93,-0.34,
239,2024-06-19,Gastos,COMISION,ISHARES S&P 500,-1.0,0.0,,EUR,Costes de transacción y/o externos de DEGIRO,0.93,-1.0,
240,2024-06-19,QDVE.DE,COMPRA ACCIONES,ISHARES S&P 500,-611.6,20.0,30.58,EUR,"Compra 20 iShares S&P 500 Inf Tech Sector UCITS ETF USD Acc@30,58 EUR (IE00B3WJKG14)",0.93,-611.6,30.58
241,2024-06-21,Gastos,IMPUESTO,TELEFONICA,-3.85,0.0,,EUR,Retención del dividendo,0.93,-3.85,
242,2024-06-21,TEF.MC,DIVIDENDO,TELEFONICA,20.25,0.0,,EUR,Dividendo,0.93,20.25,
243,2024-06-27,VGWL.DE,DIVIDENDO,VANGUARD FTSE A-W DIVS,5.52,0.0,,USD,Dividendo,0.94,5.17,
244,2024-06-27,VUSA.MI,DIVIDENDO,VANGUARD S&P500,2.33,0.0,,USD,Dividendo,0.94,2.18,
245,2024-07-01,Gastos,IMPUESTO,KRAFT,-1.62,0.0,,USD,Retención del dividendo,0.93,-1.51,
246,2024-07-01,KHC,DIVIDENDO,KRAFT,10.8,0.0,,USD,Dividendo,0.93,10.06,
247,2024-07-02,Gastos,IMPUESTO,COCA-COLA,-1.82,0.0,,USD,Retención del dividendo,0.93,-1.7,
248,2024-07-02,KO,DIVIDENDO,COCA-COLA,12.13,0.0,,USD,Dividendo,0.93,11.3,
249,2024-07-03,USDV.MI,DIVIDENDO,SPDR S&P500 ARISTOCRATS,5.13,0.0,,USD,Dividendo,0.93,4.77,
250,2024-07-06,Gastos,INTERESES,,0.0,0.0,,EUR,Flatex Interest Income,0.93,0.0,
251,2024-07-15,Gastos,COMISION,KROGER,-2.0,0.0,,EUR,Costes de transacción y/o externos de DEGIRO,0.92,-2.0,
252,2024-07-15,KR,VENTA ACCIONES,KROGER,628.62,12.0,52.385,USD,"Venta 12 Kroger Co@52,385 USD (US5010441013)",0.92,577.48,48.12
253,2024-07-16,BBVA.MC,COMPRA ACCIONES,BBVA,-312.96,32.0,9.78,EUR,"Compra 32 Banco Bilbao Vizcaya Argentaria@9,78 EUR (ES0113211835)",0.92,-312.96,9.78
254,2024-07-16,CABK.MC,COMPRA ACCIONES,CAIXABANK,-312.36,60.0,5.206,EUR,"Compra 60 CaixaBank SA@5,206 EUR (ES0140609019)",0.92,-312.36,5.21
255,2024-07-16,Gastos,COMISION,CAIXABANK,-4.0,0.0,,EUR,Costes de transacción y/o externos de DEGIRO,0.92,-4.0,
256,2024-07-16,Gastos,IMPUESTO,CAIXABANK,-1.25,0.0,,EUR,Spanish Transaction Tax,0.92,-1.25,
257,2024-07-30,Deposito,DEPOSITOS,Deposito,1000.0,0.0,,EUR,flatex Deposit,0.92,1000.0,
258,2024-07-30,Gastos,COMISION,VISA,-2.0,0.0,,EUR,Costes de transacción y/o externos de DEGIRO,0.92,-2.0,
259,2024-07-30,V,COMPRA ACCIONES,VISA,-1051.56,4.0,262.89,USD,"Compra 4 Visa Inc@262,89 USD (US92826C8394)",0.92,-971.91,242.98
260,2024-08-12,AMZN,COMPRA ACCIONES,AMAZON,-672.74,4.0,168.185,USD,"Compra 4 Amazon.com Inc.@168,185 USD (US0231351067)",0.92,-616.41,154.1
261,2024-08-12,Deposito,DEPOSITOS,Deposito,600.0,0.0,,EUR,flatex Deposit,0.92,600.0,
262,2024-08-12,Gastos,COMISION,AMAZON,-2.0,0.0,,EUR,Costes de transacción y/o externos de DEGIRO,0.92,-2.0,
263,2024-08-16,AAPL,DIVIDENDO,APPLE,2.75,0.0,,USD,Dividendo,0.91,2.51,
264,2024-08-16,Gastos,IMPUESTO,APPLE,-0.41,0.0,,USD,Retención del dividendo,0.91,-0.37,
265,2024-08-22,AAPL,VENTA ACCIONES,APPLE,1365.54,6.0,227.59,USD,"Venta 6 Apple Inc@227,59 USD (US0378331005)",0.9,1224.11,204.02
266,2024-08-22,COST,COMPRA ACCIONES,COSTCO,-1763.04,2.0,881.52,USD,"Compra 2 Costco Wholesale@881,52 USD (US22160K1051)",0.9,-1580.44,790.22
267,2024-08-22,Gastos,COMISION,PEPSICO,-8.0,0.0,,EUR,Costes de transacción y/o externos de DEGIRO,0.9,-8.0,
268,2024-08-22,KHC,VENTA ACCIONES,KRAFT,959.85,27.0,35.55,USD,"Venta 27 Kraft Heinz Co@35,55 USD (US5007541064)",0.9,860.44,31.87
269,2024-08-22,PEP,COMPRA ACCIONES,PEPSICO,-525.33,3.0,175.11,USD,"Compra 3 PepsiCo Inc@175,11 USD (US7134481081)",0.9,-470.92,156.97
270,2024-09-02,Gastos,IMPUESTO,STARBUCKS,-0.86,0.0,,USD,Retención del dividendo,0.91,-0.78,
271,2024-09-02,SBUX,DIVIDENDO,STARBUCKS,5.7,0.0,,USD,Dividendo,0.91,5.16,
272,2024-09-04,Gastos,IMPUESTO,VISA,-0.78,0.0,,USD,Retención del dividendo,0.91,-0.71,
273,2024-09-04,V,DIVIDENDO,VISA,5.2,0.0,,USD,Dividendo,0.91,4.71,
274,2024-09-11,CVX,DIVIDENDO,CHEVRON,6.52,0.0,,USD,Dividendo,0.91,5.92,
275,2024-09-11,Gastos,IMPUESTO,EXXON MOBIL,-1.69,0.0,,USD,Retención del dividendo,0.91,-1.53,
276,2024-09-11,XOM,DIVIDENDO,EXXON MOBIL,4.75,0.0,,USD,Dividendo,0.91,4.31,
277,2024-09-13,Gastos,IMPUESTO,MICROSOFT,-0.45,0.0,,USD,Retención del dividendo,0.9,-0.41,
278,2024-09-13,MSFT,DIVIDENDO,MICROSOFT,3.0,0.0,,USD,Dividendo,0.9,2.71,
279,2024-09-17,GOOG,DIVIDENDO,GOOGLE,2.4,0.0,,USD,Dividendo,0.9,2.16,
280,2024-09-17,Gastos,IMPUESTO,GOOGLE,-0.36,0.0,,USD,Retención del dividendo,0.9,-0.32,
281,2024-09-26,VGWL.DE,DIVIDENDO,VANGUARD FTSE A-W DIVS,3.4,0.0,,USD,Dividendo,0.9,3.05,
282,2024-09-26,VUSA.MI,DIVIDENDO,VANGUARD S&P500,2.56,0.0,,USD,Dividendo,0.9,2.3,
283,2024-10-01,Gastos,IMPUESTO,PEPSICO,-0.61,0.0,,USD,Retención del dividendo,0.9,-0.55,
284,2024-10-01,PEP,DIVIDENDO,PEPSICO,4.07,0.0,,USD,Dividendo,0.9,3.65,
285,2024-10-02,Gastos,IMPUESTO,COCA-COLA,-1.82,0.0,,USD,Retención del dividendo,0.9,-1.64,
286,2024-10-02,KO,DIVIDENDO,COCA-COLA,12.13,0.0,,USD,Dividendo,0.9,10.96,
287,2024-10-02,USDV.MI,DIVIDENDO,SPDR S&P500 ARISTOCRATS,4.39,0.0,,USD,Dividendo,0.9,3.97,
288,2024-10-05,Gastos,INTERESES,,0.0,0.0,,EUR,Flatex Interest Income,0.9,0.0,
289,2024-10-09,GOOG,VENTA ACCIONES,GOOGLE,993.0,6.0,165.5,USD,"Venta 6 Alphabet Inc Class C@165,5 USD (US02079K1079)",0.91,904.72,150.79
290,2024-10-09,Gastos,COMISION,VICI,-6.0,0.0,,EUR,Costes de transacción y/o externos de DEGIRO,0.91,-6.0,
291,2024-10-09,MO,COMPRA ACCIONES,ALTRIA,-548.85,11.0,49.895,USD,"Compra 11 Altria Group Inc.@49,895 USD (US02209S1033)",0.91,-500.06,45.46
292,2024-10-09,VICI,COMPRA ACCIONES,VICI,-485.49,15.0,32.361666666666665,USD,"Compra 9 VICI Properties Inc@32,37 USD (US9256521090)",0.91,-442.33,29.48
293,2024-10-11,BBVA.MC,DIVIDENDO,BBVA,26.68,0.0,,EUR,Dividendo,0.91,26.68,
294,2024-10-11,Gastos,IMPUESTO,BBVA,-5.07,0.0,,EUR,Retención del dividendo,0.91,-5.07,
295,2024-11-04,Gastos,IMPUESTO,SANTANDER,-1.43,0.0,,EUR,Retención del dividendo,0.92,-1.43,
296,2024-11-04,SAN.MC,DIVIDENDO,SANTANDER,7.5,0.0,,EUR,Dividendo,0.92,7.5,
297,2024-11-08,CABK.MC,DIVIDENDO,CAIXABANK,25.3,0.0,,EUR,Dividendo,0.93,25.3,
298,2024-11-08,Gastos,IMPUESTO,CAIXABANK,-4.81,0.0,,EUR,Retención del dividendo,0.93,-4.81,
299,2024-11-15,AAPL,DIVIDENDO,APPLE,1.25,0.0,,USD,Dividendo,0.95,1.19,
300,2024-11-15,AAPL,VENTA ACCIONES,APPLE,1123.5,5.0,224.7,USD,"Venta 5 Apple Inc@224,7 USD (US0378331005)",0.95,1066.94,213.39
301,2024-11-15,Gastos,COMISION,APPLE,-2.0,0.0,,EUR,Costes de transacción y/o externos de DEGIRO,0.95,-2.0,
302,2024-11-15,Gastos,IMPUESTO,APPLE,-0.19,0.0,,USD,Retención del dividendo,0.95,-0.18,
303,2024-11-18,COST,DIVIDENDO,COSTCO,2.32,0.0,,USD,Dividendo,0.95,2.2,
304,2024-11-18,Gastos,COMISION,PEPSICO,-4.0,0.0,,EUR,Costes de transacción y/o externos de DEGIRO,0.95,-4.0,
305,2024-11-18,Gastos,IMPUESTO,COSTCO,-0.35,0.0,,USD,Retención del dividendo,0.95,-0.33,
306,2024-11-18,KO,COMPRA ACCIONES,COCA-COLA,-679.8,11.0,61.8,USD,"Compra 11 Coca-Cola@61,8 USD (US1912161007)",0.95,-645.35,58.67
307,2024-11-18,PEP,COMPRA ACCIONES,PEPSICO,-476.1,3.0,158.7,USD,"Compra 3 PepsiCo Inc@158,7 USD (US7134481081)",0.95,-451.98,150.66
308,2024-11-19,Deposito,DEPOSITOS,Deposito,330.0,0.0,,EUR,flatex Deposit,0.94,330.0,
309,2024-11-19,Gastos,COMISION,SABADELL,-2.0,0.0,,EUR,Costes de transacción y/o externos de DEGIRO,0.94,-2.0,
310,2024-11-19,Gastos,IMPUESTO,SABADELL,-0.72,0.0,,EUR,Spanish Transaction Tax,0.94,-0.72,
311,2024-11-19,SAB.MC,COMPRA ACCIONES,SABADELL,-361.2,200.0,1.806,EUR,"Compra 200 Banco de Sabadell@1,806 EUR (ES0113860A34)",0.94,-361.2,1.81
312,2024-12-02,Gastos,IMPUESTO,STARBUCKS,-0.92,0.0,,USD,Retención del dividendo,0.95,-0.87,
313,2024-12-02,SBUX,DIVIDENDO,STARBUCKS,6.1,0.0,,USD,Dividendo,0.95,5.78,
314,2024-12-03,Gastos,IMPUESTO,VISA,-0.89,0.0,,USD,Retención del dividendo,0.95,-0.85,
315,2024-12-03,V,DIVIDENDO,VISA,5.9,0.0,,USD,Dividendo,0.95,5.62,
316,2024-12-11,CVX,DIVIDENDO,CHEVRON,6.52,0.0,,USD,Dividendo,0.95,6.19,
317,2024-12-11,Gastos,IMPUESTO,EXXON MOBIL,-1.72,0.0,,USD,Retención del dividendo,0.95,-1.63,
318,2024-12-11,XOM,DIVIDENDO,EXXON MOBIL,4.95,0.0,,USD,Dividendo,0.95,4.7,
319,2024-12-13,Gastos,IMPUESTO,MICROSOFT,-0.5,0.0,,USD,Retención del dividendo,0.95,-0.48,
320,2024-12-13,MSFT,DIVIDENDO,MICROSOFT,3.32,0.0,,USD,Dividendo,0.95,3.17,
321,2024-12-17,GOOG,DIVIDENDO,GOOGLE,1.2,0.0,,USD,Dividendo,0.95,1.14,
322,2024-12-17,Gastos,IMPUESTO,GOOGLE,-2.8000000000000003,0.0,,USD,Retención del dividendo,0.95,-2.66,
323,2024-12-17,KO,DIVIDENDO,COCA-COLA,17.46,0.0,,USD,Dividendo,0.95,16.6,
324,2024-12-20,Gastos,IMPUESTO,TELEFONICA,-3.85,0.0,,EUR,Retención del dividendo,0.96,-3.85,
325,2024-12-20,TEF.MC,DIVIDENDO,TELEFONICA,20.25,0.0,,EUR,Dividendo,0.96,20.25,
326,2024-12-30,VGWL.DE,DIVIDENDO,VANGUARD FTSE A-W DIVS,3.13,0.0,,USD,Dividendo,0.96,3.0,
327,2024-12-30,VUSA.MI,DIVIDENDO,VANGUARD S&P500,2.76,0.0,,USD,Dividendo,0.96,2.65,
328,2024-12-31,Deposito,DEPOSITOS,Deposito,600.0,0.0,,EUR,flatex Deposit,0.96,600.0,
329,2025-01-02,Gastos,COMISION,SANTANDER,-4.0,0.0,,EUR,Costes de transacción y/o externos de DEGIRO,0.97,-4.0,
330,2025-01-02,Gastos,IMPUESTO,SANTANDER,-1.29,0.0,,EUR,Spanish Transaction Tax,0.97,-1.29,
331,2025-01-02,SAB.MC,COMPRA ACCIONES,SABADELL,-327.25,175.0,1.87,EUR,"Compra 175 Banco de Sabadell@1,87 EUR (ES0113860A34)",0.97,-327.25,1.87
332,2025-01-02,SAN.MC,COMPRA ACCIONES,SANTANDER,-320.4,72.0,4.45,EUR,"Compra 72 Banco Santander@4,45 EUR (ES0113900J37)",0.97,-320.4,4.45
333,2025-01-02,USDV.MI,DIVIDENDO,SPDR S&P500 ARISTOCRATS,4.23,0.0,,USD,Dividendo,0.97,4.09,
334,2025-01-07,Gastos,IMPUESTO,PEPSICO,-1.22,0.0,,USD,Retención del dividendo,0.96,-1.17,
335,2025-01-07,PEP,DIVIDENDO,PEPSICO,8.13,0.0,,USD,Dividendo,0.96,7.83,
336,2025-01-09,Deposito,DEPOSITOS,Deposito,600.0,0.0,,EUR,flatex Deposit,0.97,600.0,
337,2025-01-09,Gastos,INTERESES,,0.0,0.0,,EUR,Flatex Interest Income,0.97,0.0,
338,2025-01-10,Gastos,COMISION,UBER,-4.0,0.0,,EUR,Costes de transacción y/o externos de DEGIRO,0.97,-4.0,
339,2025-01-10,Gastos,IMPUESTO,VICI,-0.97,0.0,,USD,Retención del dividendo,0.97,-0.94,
340,2025-01-10,NVDA,COMPRA ACCIONES,NVIDIA,-412.44,3.0,137.48,USD,"Compra 3 NVIDIA Corp@137,48 USD (US67066G1040)",0.97,-400.52,133.51
341,2025-01-10,UBER,COMPRA ACCIONES,UBER,-191.88,3.0,63.96,USD,"Compra 3 Uber Technologies Inc@63,96 USD (US90353T1007)",0.97,-186.33,62.11
342,2025-01-10,VICI,DIVIDENDO,VICI,6.49,0.0,,USD,Dividendo,0.97,6.3,
343,2025-01-13,Gastos,IMPUESTO,ALTRIA,-1.68,0.0,,USD,Retención del dividendo,0.98,-1.64,
344,2025-01-13,MO,DIVIDENDO,ALTRIA,11.22,0.0,,USD,Dividendo,0.98,10.95,
345,2025-01-31,Deposito,DEPOSITOS,Deposito,450.0,0.0,,EUR,flatex Deposit,0.96,450.0,
346,2025-01-31,Gastos,COMISION,NVIDIA,-2.0,0.0,,EUR,Costes de transacción y/o externos de DEGIRO,0.96,-2.0,
347,2025-01-31,NVDA,COMPRA ACCIONES,NVIDIA,-494.96,4.0,123.74,USD,"Compra 4 NVIDIA Corp@123,74 USD (US67066G1040)",0.96,-476.05,119.01
348,2025-02-06,Gastos,COMISION,,-12.5,0.0,,EUR,Comisión de conectividad con el mercado 2025 (Xetra - XET),0.96,-12.5,
349,2025-02-10,GOOG,COMPRA ACCIONES,GOOGLE,-375.72,2.0,187.86,USD,"Compra 2 Alphabet Inc Class C@187,86 USD (US02079K1079)",0.97,-364.37,182.18
350,2025-02-10,Gastos,COMISION,UBER,-6.0,0.0,,EUR,Costes de transacción y/o externos de DEGIRO,0.97,-6.0,
351,2025-02-10,PEP,VENTA ACCIONES,PEPSICO,862.38,6.0,143.73,USD,"Venta 6 PepsiCo Inc@143,73 USD (US7134481081)",0.97,836.32,139.39
352,2025-02-10,UBER,COMPRA ACCIONES,UBER,-463.26,6.0,77.21,USD,"Compra 6 Uber Technologies Inc@77,21 USD (US90353T1007)",0.97,-449.26,74.88
353,2025-02-23,COST,DIVIDENDO,COSTCO,2.32,0.0,,USD,Dividendo,0.97,2.25,
354,2025-02-23,Gastos,IMPUESTO,COSTCO,-0.35,0.0,,USD,Retención del dividendo,0.97,-0.34,
355,2025-03-03,Gastos,IMPUESTO,STARBUCKS,-0.92,0.0,,USD,Retención del dividendo,0.96,-0.88,
356,2025-03-03,SBUX,DIVIDENDO,STARBUCKS,6.1,0.0,,USD,Dividendo,0.96,5.86,
357,2025-03-04,Gastos,IMPUESTO,VISA,-0.89,0.0,,USD,Retención del dividendo,0.95,-0.85,
358,2025-03-04,V,DIVIDENDO,VISA,5.9,0.0,,USD,Dividendo,0.95,5.63,
359,2025-03-07,Deposito,DEPOSITOS,Deposito,900.0,0.0,,EUR,flatex Deposit,0.93,900.0,
360,2025-03-07,Gastos,COMISION,VANGUARD S&P500,-1.0,0.0,,EUR,Costes de transacción y/o externos de DEGIRO,0.93,-1.0,
361,2025-03-07,VUSA.MI,COMPRA ACCIONES,VANGUARD S&P500,-302.51,3.0,100.838,EUR,"Compra 3 Vanguard S&P 500 UCITS ETF USD@100,838 EUR (IE00B3XXRP09)",0.93,-302.51,100.84
362,2025-03-10,Gastos,COMISION,VANGUARD FTSE A-W DIVS,-2.0,0.0,,EUR,Costes de transacción y/o externos de DEGIRO,0.92,-2.0,
363,2025-03-10,QDVE.DE,COMPRA ACCIONES,ISHARES S&P 500,-228.0,8.0,28.5,EUR,"Compra 8 iShares S&P 500 Inf Tech Sector UCITS ETF USD Acc@28,5 EUR (IE00B3WJKG14)",0.92,-228.0,28.5
364,2025-03-10,VGWL.DE,COMPRA ACCIONES,VANGUARD FTSE A-W DIVS,-382.5,3.0,127.5,EUR,"Compra 3 Vanguard FTSE All-World UCITS ETF USD Dis@127,5 EUR (IE00B3RBWM25)",0.92,-382.5,127.5
365,2025-03-11,CVX,DIVIDENDO,CHEVRON,6.84,0.0,,USD,Dividendo,0.92,6.31,
366,2025-03-11,Gastos,IMPUESTO,EXXON MOBIL,-1.77,0.0,,USD,Retención del dividendo,0.92,-1.63,
367,2025-03-11,XOM,DIVIDENDO,EXXON MOBIL,4.95,0.0,,USD,Dividendo,0.92,4.57,
368,2025-03-14,Gastos,IMPUESTO,MICROSOFT,-0.5,0.0,,USD,Retención del dividendo,0.92,-0.46,
369,2025-03-14,MSFT,DIVIDENDO,MICROSOFT,3.32,0.0,,USD,Dividendo,0.92,3.06,
370,2025-03-18,GOOG,DIVIDENDO,GOOGLE,1.6,0.0,,USD,Dividendo,0.92,1.47,
371,2025-03-18,Gastos,IMPUESTO,GOOGLE,-0.24,0.0,,USD,Retención del dividendo,0.92,-0.22,
372,2025-03-20,Deposito,DEPOSITOS,Deposito,800.0,0.0,,EUR,flatex Deposit,0.92,800.0,
373,2025-03-21,EXW1.DE,COMPRA ACCIONES,EURO STOCKS 50,-551.9,10.0,55.19,EUR,"Compra 10 iShares Core EURO STOXX 50 UCITS ETF EUR (Dis)@55,19 EUR (IE0008471009)",0.92,-551.9,55.19
374,2025-03-21,Gastos,COMISION,ISHARES S&P 500,-4.0,0.0,,EUR,Costes de transacción y/o externos de DEGIRO,0.92,-4.0,
375,2025-03-21,QDVE.DE,COMPRA ACCIONES,ISHARES S&P 500,-252.9,9.0,28.1,EUR,"Compra 9 iShares S&P 500 Inf Tech Sector UCITS ETF USD Acc@28,1 EUR (IE00B3WJKG14)",0.92,-252.9,28.1
376,2025-03-31,Gastos,IMPUESTO,SABADELL,-8.86,0.0,,EUR,Retención del dividendo,0.92,-8.86,
377,2025-03-31,SAB.MC,DIVIDENDO,SABADELL,46.65,0.0,,EUR,Dividendo,0.92,46.65,
378,2025-04-02,Gastos,IMPUESTO,COCA-COLA,-2.75,0.0,,USD,Retención del dividendo,0.93,-2.55,
379,2025-04-02,KO,DIVIDENDO,COCA-COLA,18.36,0.0,,USD,Dividendo,0.93,17.01,
380,2025-04-02,USDV.MI,DIVIDENDO,SPDR S&P500 ARISTOCRATS,5.09,0.0,,USD,Dividendo,0.93,4.71,
381,2025-04-03,Gastos,IMPUESTO,NVIDIA,-0.01,0.0,,USD,Retención del dividendo,0.92,-0.01,
382,2025-04-03,NVDA,DIVIDENDO,NVIDIA,0.07,0.0,,USD,Dividendo,0.92,0.06,
383,2025-04-03,VGWL.DE,DIVIDENDO,VANGUARD FTSE A-W DIVS,4.64,0.0,,USD,Dividendo,0.92,4.25,
384,2025-04-03,VUSA.MI,DIVIDENDO,VANGUARD S&P500,3.85,0.0,,USD,Dividendo,0.92,3.53,
385,2025-04-04,Gastos,IMPUESTO,VICI,-0.97,0.0,,USD,Retención del dividendo,0.91,-0.88,
386,2025-04-04,VICI,DIVIDENDO,VICI,6.49,0.0,,USD,Dividendo,0.91,5.88,
387,2025-04-05,Gastos,INTERESES,,0.0,0.0,,EUR,Flatex Interest Income,0.91,0.0,
388,2025-04-11,BBVA.MC,DIVIDENDO,BBVA,37.72,0.0,,EUR,Dividendo,0.89,37.72,
389,2025-04-11,Gastos,IMPUESTO,BBVA,-7.17,0.0,,EUR,Retención del dividendo,0.89,-7.17,
390,2025-04-25,CABK.MC,DIVIDENDO,CAIXABANK,48.69,0.0,,EUR,Dividendo,0.88,48.69,
391,2025-04-25,Gastos,IMPUESTO,CAIXABANK,-9.25,0.0,,EUR,Retención del dividendo,0.88,-9.25,
392,2025-05-01,Gastos,IMPUESTO,ALTRIA,-1.68,0.0,,USD,Retención del dividendo,0.88,-1.48,
393,2025-05-01,MO,DIVIDENDO,ALTRIA,11.22,0.0,,USD,Dividendo,0.88,9.91,
394,2025-05-08,Gastos,IMPUESTO,SANTANDER,-3.07,0.0,,EUR,Retención del dividendo,0.88,-3.07,
395,2025-05-08,SAN.MC,DIVIDENDO,SANTANDER,16.17,0.0,,EUR,Dividendo,0.88,16.17,
396,2025-05-14,Deposito,DEPOSITOS,Deposito,400.0,0.0,,EUR,flatex Deposit,0.89,400.0,
397,2025-05-15,EXW1.DE,COMPRA ACCIONES,EURO STOCKS 50,-552.0,10.0,55.2,EUR,"Compra 10 iShares Core EURO STOXX 50 UCITS ETF EUR (Dis)@55,2 EUR (IE0008471009)",0.89,-552.0,55.2
398,2025-05-15,Gastos,COMISION,EURO STOCKS 50,-1.0,0.0,,EUR,Costes de transacción y/o externos de DEGIRO,0.89,-1.0,
399,2025-05-18,COST,DIVIDENDO,COSTCO,2.6,0.0,,USD,Dividendo,0.89,2.33,
400,2025-05-18,Gastos,IMPUESTO,COSTCO,-0.39,0.0,,USD,Retención del dividendo,0.89,-0.35,
401,2025-05-30,EXW1.DE,DIVIDENDO,EURO STOCKS 50,4.35,0.0,,EUR,Dividendo,0.88,4.35,
402,2025-06-02,Gastos,IMPUESTO,STARBUCKS,-0.92,0.0,,USD,Retención del dividendo,0.88,-0.81,
403,2025-06-02,SBUX,DIVIDENDO,STARBUCKS,6.1,0.0,,USD,Dividendo,0.88,5.37,
404,2025-06-03,Gastos,IMPUESTO,VISA,-0.89,0.0,,USD,Retención del dividendo,0.87,-0.78,
405,2025-06-03,V,DIVIDENDO,VISA,5.9,0.0,,USD,Dividendo,0.87,5.15,
